,PassengerId,Pclass,Sex,Age,SibSp,Parch,Fare,Embarked,Dataset,Survived,CabinD,CabinEO,Company,Companions,Alone,NamePrefix,Agegroup
0,1,3.0,male,22.0,1.0,0.0,7.25,S,train,0.0,U,u,1,1.0,0,Mr,18-25
1,2,1.0,female,38.0,1.0,0.0,712833.0,C,train,1.0,C,o,1,1.0,0,Mrs,35-60
2,3,3.0,female,26.0,0.0,0.0,7925.0,S,train,1.0,U,u,0,0.0,1,Miss,25-35
3,4,1.0,female,35.0,1.0,0.0,53.1,S,train,1.0,C,o,1,1.0,0,Mrs,25-35
4,5,3.0,male,35.0,0.0,0.0,8.05,S,train,0.0,U,u,0,0.0,1,Mr,25-35
5,6,3.0,male,26.0,0.0,0.0,84583.0,Q,train,0.0,U,u,0,0.0,1,Mr,25-35
6,7,1.0,male,54.0,0.0,0.0,518625.0,S,train,0.0,E,e,0,0.0,1,Mr,35-60
7,8,3.0,male,2.0,3.0,1.0,21075.0,S,train,0.0,U,u,3,4.0,0,Master,0-4
8,9,3.0,female,27.0,0.0,2.0,111333.0,S,train,1.0,U,u,2,2.0,0,Mrs,25-35
9,10,2.0,female,14.0,1.0,0.0,300708.0,C,train,1.0,U,u,1,1.0,0,Mrs,12-18
10,11,3.0,female,4.0,1.0,1.0,16.7,S,train,1.0,G,e,3,2.0,0,Miss,0-4
11,12,1.0,female,58.0,0.0,0.0,26.55,S,train,1.0,C,o,0,0.0,1,Miss,35-60
12,13,3.0,male,20.0,0.0,0.0,8.05,S,train,0.0,U,u,0,0.0,1,Mr,18-25
13,14,3.0,male,39.0,1.0,5.0,31275.0,S,train,0.0,U,u,3,6.0,0,Mr,35-60
14,15,3.0,female,14.0,0.0,0.0,78542.0,S,train,0.0,U,u,0,0.0,1,Miss,12-18
15,16,2.0,female,55.0,0.0,0.0,16.0,S,train,1.0,U,u,0,0.0,1,Mrs,35-60
16,17,3.0,male,2.0,4.0,1.0,29125.0,Q,train,0.0,U,u,3,5.0,0,Master,0-4
17,18,2.0,male,30.0,0.0,0.0,13.0,S,train,1.0,U,u,0,0.0,1,Mr,25-35
18,19,3.0,female,31.0,1.0,0.0,18.0,S,train,0.0,U,u,1,1.0,0,Mrs,25-35
19,20,3.0,female,31.0,0.0,0.0,7225.0,C,train,1.0,U,u,0,0.0,1,Mrs,25-35
20,21,2.0,male,35.0,0.0,0.0,26.0,S,train,0.0,U,u,0,0.0,1,Mr,25-35
21,22,2.0,male,34.0,0.0,0.0,13.0,S,train,1.0,D,e,0,0.0,1,Mr,25-35
23,24,1.0,male,28.0,0.0,0.0,35.5,S,train,1.0,A,e,0,0.0,1,Mr,25-35
24,25,3.0,female,8.0,3.0,1.0,21075.0,S,train,0.0,U,u,3,4.0,0,Miss,4-12
25,26,3.0,female,38.0,1.0,5.0,313875.0,S,train,1.0,U,u,3,6.0,0,Mrs,35-60
26,27,3.0,male,26.0,0.0,0.0,7225.0,C,train,0.0,U,u,0,0.0,1,Mr,25-35
27,28,1.0,male,19.0,3.0,2.0,263.0,S,train,0.0,C,o,3,5.0,0,Mr,18-25
29,30,3.0,male,26.0,0.0,0.0,78958.0,S,train,0.0,U,u,0,0.0,1,Mr,25-35
30,31,1.0,male,40.0,0.0,0.0,277208.0,C,train,0.0,U,u,0,0.0,1,Royalty,35-60
31,32,1.0,female,45.0,1.0,0.0,1465208.0,C,train,1.0,B,e,1,1.0,0,Mrs,35-60
32,33,3.0,female,18.75,0.0,0.0,7.75,Q,train,1.0,U,u,0,0.0,1,Miss,18-25
33,34,2.0,male,66.0,0.0,0.0,10.5,S,train,0.0,U,u,0,0.0,1,Mr,60-100
34,35,1.0,male,28.0,1.0,0.0,821708.0,C,train,0.0,U,u,1,1.0,0,Mr,25-35
35,36,1.0,male,42.0,1.0,0.0,52.0,S,train,0.0,U,u,1,1.0,0,Mr,35-60
36,37,3.0,male,26.0,0.0,0.0,72292.0,C,train,1.0,U,u,0,0.0,1,Mr,25-35
37,38,3.0,male,21.0,0.0,0.0,8.05,S,train,0.0,U,u,0,0.0,1,Mr,18-25
38,39,3.0,female,18.0,2.0,0.0,18.0,S,train,0.0,U,u,1,2.0,0,Miss,12-18
39,40,3.0,female,14.0,1.0,0.0,112417.0,C,train,1.0,U,u,1,1.0,0,Miss,12-18
40,41,3.0,female,40.0,1.0,0.0,9475.0,S,train,0.0,U,u,1,1.0,0,Mrs,35-60
41,42,2.0,female,27.0,1.0,0.0,21.0,S,train,0.0,U,u,1,1.0,0,Mrs,25-35
42,43,3.0,male,26.0,0.0,0.0,78958.0,C,train,0.0,U,u,0,0.0,1,Mr,25-35
43,44,2.0,female,3.0,1.0,2.0,415792.0,C,train,1.0,U,u,3,3.0,0,Miss,0-4
44,45,3.0,female,19.0,0.0,0.0,78792.0,Q,train,1.0,U,u,0,0.0,1,Miss,18-25
45,46,3.0,male,26.0,0.0,0.0,8.05,S,train,0.0,U,u,0,0.0,1,Mr,25-35
46,47,3.0,male,26.0,1.0,0.0,15.5,Q,train,0.0,U,u,1,1.0,0,Mr,25-35
47,48,3.0,female,18.75,0.0,0.0,7.75,Q,train,1.0,U,u,0,0.0,1,Miss,18-25
48,49,3.0,male,26.0,2.0,0.0,216792.0,C,train,0.0,U,u,1,2.0,0,Mr,25-35
49,50,3.0,female,18.0,1.0,0.0,17.8,S,train,0.0,U,u,1,1.0,0,Mrs,12-18
50,51,3.0,male,7.0,4.0,1.0,396875.0,S,train,0.0,U,u,3,5.0,0,Master,4-12
51,52,3.0,male,21.0,0.0,0.0,7.8,S,train,0.0,U,u,0,0.0,1,Mr,18-25
52,53,1.0,female,49.0,1.0,0.0,767292.0,C,train,1.0,D,o,1,1.0,0,Mrs,35-60
53,54,2.0,female,29.0,1.0,0.0,26.0,S,train,1.0,U,u,1,1.0,0,Mrs,25-35
54,55,1.0,male,65.0,0.0,1.0,619792.0,C,train,0.0,B,e,2,1.0,0,Mr,60-100
55,56,1.0,male,41.0,0.0,0.0,35.5,S,train,1.0,C,e,0,0.0,1,Mr,35-60
56,57,2.0,female,21.0,0.0,0.0,10.5,S,train,1.0,U,u,0,0.0,1,Miss,18-25
57,58,3.0,male,28.5,0.0,0.0,72292.0,C,train,0.0,U,u,0,0.0,1,Mr,25-35
58,59,2.0,female,5.0,1.0,2.0,27.75,S,train,1.0,U,u,3,3.0,0,Miss,4-12
59,60,3.0,male,11.0,5.0,2.0,46.9,S,train,0.0,U,u,3,7.0,0,Master,4-12
60,61,3.0,male,22.0,0.0,0.0,72292.0,C,train,0.0,U,u,0,0.0,1,Mr,18-25
61,62,1.0,female,38.0,0.0,0.0,80.0,S,train,1.0,B,e,0,0.0,1,Miss,35-60
62,63,1.0,male,45.0,1.0,0.0,83475.0,S,train,0.0,C,o,1,1.0,0,Mr,35-60
63,64,3.0,male,4.0,3.0,2.0,27.9,S,train,0.0,U,u,3,5.0,0,Master,0-4
64,65,1.0,male,41.0,0.0,0.0,277208.0,C,train,0.0,U,u,0,0.0,1,Mr,35-60
65,66,3.0,male,6.0,1.0,1.0,152458.0,C,train,1.0,U,u,3,2.0,0,Master,4-12
66,67,2.0,female,29.0,0.0,0.0,10.5,S,train,1.0,F,o,0,0.0,1,Mrs,25-35
67,68,3.0,male,19.0,0.0,0.0,81583.0,S,train,0.0,U,u,0,0.0,1,Mr,18-25
68,69,3.0,female,17.0,4.0,2.0,7925.0,S,train,1.0,U,u,3,6.0,0,Miss,12-18
69,70,3.0,male,26.0,2.0,0.0,86625.0,S,train,0.0,U,u,1,2.0,0,Mr,25-35
70,71,2.0,male,32.0,0.0,0.0,10.5,S,train,0.0,U,u,0,0.0,1,Mr,25-35
71,72,3.0,female,16.0,5.0,2.0,46.9,S,train,0.0,U,u,3,7.0,0,Miss,12-18
72,73,2.0,male,21.0,0.0,0.0,73.5,S,train,0.0,U,u,0,0.0,1,Mr,18-25
73,74,3.0,male,26.0,1.0,0.0,144542.0,C,train,0.0,U,u,1,1.0,0,Mr,25-35
74,75,3.0,male,32.0,0.0,0.0,564958.0,S,train,1.0,U,u,0,0.0,1,Mr,25-35
75,76,3.0,male,25.0,0.0,0.0,7.65,S,train,0.0,G,o,0,0.0,1,Mr,18-25
76,77,3.0,male,26.0,0.0,0.0,78958.0,S,train,0.0,U,u,0,0.0,1,Mr,25-35
77,78,3.0,male,26.0,0.0,0.0,8.05,S,train,0.0,U,u,0,0.0,1,Mr,25-35
78,79,2.0,male,0.83,0.0,2.0,29.0,S,train,1.0,U,u,2,2.0,0,Master,0-4
79,80,3.0,female,30.0,0.0,0.0,12475.0,S,train,1.0,U,u,0,0.0,1,Miss,25-35
80,81,3.0,male,22.0,0.0,0.0,9.0,S,train,0.0,U,u,0,0.0,1,Mr,18-25
81,82,3.0,male,29.0,0.0,0.0,9.5,S,train,1.0,U,u,0,0.0,1,Mr,25-35
82,83,3.0,female,18.75,0.0,0.0,77875.0,Q,train,1.0,U,u,0,0.0,1,Miss,18-25
83,84,1.0,male,28.0,0.0,0.0,47.1,S,train,0.0,U,u,0,0.0,1,Mr,25-35
84,85,2.0,female,17.0,0.0,0.0,10.5,S,train,1.0,U,u,0,0.0,1,Miss,12-18
85,86,3.0,female,33.0,3.0,0.0,15.85,S,train,1.0,U,u,1,3.0,0,Mrs,25-35
86,87,3.0,male,16.0,1.0,3.0,34375.0,S,train,0.0,U,u,3,4.0,0,Mr,12-18
87,88,3.0,male,26.0,0.0,0.0,8.05,S,train,0.0,U,u,0,0.0,1,Mr,25-35
88,89,1.0,female,23.0,3.0,2.0,263.0,S,train,1.0,C,o,3,5.0,0,Miss,18-25
89,90,3.0,male,24.0,0.0,0.0,8.05,S,train,0.0,U,u,0,0.0,1,Mr,18-25
90,91,3.0,male,29.0,0.0,0.0,8.05,S,train,0.0,U,u,0,0.0,1,Mr,25-35
91,92,3.0,male,20.0,0.0,0.0,78542.0,S,train,0.0,U,u,0,0.0,1,Mr,18-25
92,93,1.0,male,46.0,1.0,0.0,61175.0,S,train,0.0,E,o,1,1.0,0,Mr,35-60
93,94,3.0,male,26.0,1.0,2.0,20575.0,S,train,0.0,U,u,3,3.0,0,Mr,25-35
94,95,3.0,male,59.0,0.0,0.0,7.25,S,train,0.0,U,u,0,0.0,1,Mr,35-60
95,96,3.0,male,26.0,0.0,0.0,8.05,S,train,0.0,U,u,0,0.0,1,Mr,25-35
96,97,1.0,male,71.0,0.0,0.0,346542.0,C,train,0.0,A,o,0,0.0,1,Mr,60-100
97,98,1.0,male,23.0,0.0,1.0,633583.0,C,train,1.0,D,e,2,1.0,0,Mr,18-25
98,99,2.0,female,34.0,0.0,1.0,23.0,S,train,1.0,U,u,2,1.0,0,Mrs,25-35
99,100,2.0,male,34.0,1.0,0.0,26.0,S,train,0.0,U,u,1,1.0,0,Mr,25-35
100,101,3.0,female,28.0,0.0,0.0,78958.0,S,train,0.0,U,u,0,0.0,1,Miss,25-35
102,103,1.0,male,21.0,0.0,1.0,772875.0,S,train,0.0,D,e,2,1.0,0,Mr,18-25
103,104,3.0,male,33.0,0.0,0.0,86542.0,S,train,0.0,U,u,0,0.0,1,Mr,25-35
104,105,3.0,male,37.0,2.0,0.0,7925.0,S,train,0.0,U,u,1,2.0,0,Mr,35-60
105,106,3.0,male,28.0,0.0,0.0,78958.0,S,train,0.0,U,u,0,0.0,1,Mr,25-35
106,107,3.0,female,21.0,0.0,0.0,7.65,S,train,1.0,U,u,0,0.0,1,Miss,18-25
107,108,3.0,male,26.0,0.0,0.0,7775.0,S,train,1.0,U,u,0,0.0,1,Mr,25-35
108,109,3.0,male,38.0,0.0,0.0,78958.0,S,train,0.0,U,u,0,0.0,1,Mr,35-60
109,110,3.0,female,18.75,1.0,0.0,24.15,Q,train,1.0,U,u,1,1.0,0,Miss,18-25
110,111,1.0,male,47.0,0.0,0.0,52.0,S,train,0.0,C,e,0,0.0,1,Mr,35-60
111,112,3.0,female,14.5,1.0,0.0,144542.0,C,train,0.0,U,u,1,1.0,0,Miss,12-18
112,113,3.0,male,22.0,0.0,0.0,8.05,S,train,0.0,U,u,0,0.0,1,Mr,18-25
113,114,3.0,female,20.0,1.0,0.0,9825.0,S,train,0.0,U,u,1,1.0,0,Miss,18-25
114,115,3.0,female,17.0,0.0,0.0,144583.0,C,train,0.0,U,u,0,0.0,1,Miss,12-18
115,116,3.0,male,21.0,0.0,0.0,7925.0,S,train,0.0,U,u,0,0.0,1,Mr,18-25
116,117,3.0,male,70.5,0.0,0.0,7.75,Q,train,0.0,U,u,0,0.0,1,Mr,60-100
117,118,2.0,male,29.0,1.0,0.0,21.0,S,train,0.0,U,u,1,1.0,0,Mr,25-35
118,119,1.0,male,24.0,0.0,1.0,2475208.0,C,train,0.0,B,e,2,1.0,0,Mr,18-25
119,120,3.0,female,2.0,4.0,2.0,31275.0,S,train,0.0,U,u,3,6.0,0,Miss,0-4
120,121,2.0,male,21.0,2.0,0.0,73.5,S,train,0.0,U,u,1,2.0,0,Mr,18-25
121,122,3.0,male,26.0,0.0,0.0,8.05,S,train,0.0,U,u,0,0.0,1,Mr,25-35
122,123,2.0,male,32.5,1.0,0.0,300708.0,C,train,0.0,U,u,1,1.0,0,Mr,25-35
123,124,2.0,female,32.5,0.0,0.0,13.0,S,train,1.0,E,o,0,0.0,1,Miss,25-35
124,125,1.0,male,54.0,0.0,1.0,772875.0,S,train,0.0,D,e,2,1.0,0,Mr,35-60
125,126,3.0,male,12.0,1.0,0.0,112417.0,C,train,1.0,U,u,1,1.0,0,Master,4-12
126,127,3.0,male,26.0,0.0,0.0,7.75,Q,train,0.0,U,u,0,0.0,1,Mr,25-35
127,128,3.0,male,24.0,0.0,0.0,71417.0,S,train,1.0,U,u,0,0.0,1,Mr,18-25
128,129,3.0,female,18.75,1.0,1.0,223583.0,C,train,1.0,E,o,3,2.0,0,Miss,18-25
129,130,3.0,male,45.0,0.0,0.0,6975.0,S,train,0.0,U,u,0,0.0,1,Mr,35-60
130,131,3.0,male,33.0,0.0,0.0,78958.0,C,train,0.0,U,u,0,0.0,1,Mr,25-35
131,132,3.0,male,20.0,0.0,0.0,7.05,S,train,0.0,U,u,0,0.0,1,Mr,18-25
132,133,3.0,female,47.0,1.0,0.0,14.5,S,train,0.0,U,u,1,1.0,0,Mrs,35-60
133,134,2.0,female,29.0,1.0,0.0,26.0,S,train,1.0,U,u,1,1.0,0,Mrs,25-35
134,135,2.0,male,25.0,0.0,0.0,13.0,S,train,0.0,U,u,0,0.0,1,Mr,18-25
135,136,2.0,male,23.0,0.0,0.0,150458.0,C,train,0.0,U,u,0,0.0,1,Mr,18-25
136,137,1.0,female,19.0,0.0,2.0,262833.0,S,train,1.0,D,o,2,2.0,0,Miss,18-25
137,138,1.0,male,37.0,1.0,0.0,53.1,S,train,0.0,C,o,1,1.0,0,Mr,35-60
138,139,3.0,male,16.0,0.0,0.0,92167.0,S,train,0.0,U,u,0,0.0,1,Mr,12-18
139,140,1.0,male,24.0,0.0,0.0,79.2,C,train,0.0,B,e,0,0.0,1,Mr,18-25
140,141,3.0,female,31.0,0.0,2.0,152458.0,C,train,0.0,U,u,2,2.0,0,Mrs,25-35
141,142,3.0,female,22.0,0.0,0.0,7.75,S,train,1.0,U,u,0,0.0,1,Miss,18-25
142,143,3.0,female,24.0,1.0,0.0,15.85,S,train,1.0,U,u,1,1.0,0,Mrs,18-25
143,144,3.0,male,19.0,0.0,0.0,6.75,Q,train,0.0,U,u,0,0.0,1,Mr,18-25
144,145,2.0,male,18.0,0.0,0.0,11.5,S,train,0.0,U,u,0,0.0,1,Mr,12-18
145,146,2.0,male,19.0,1.0,1.0,36.75,S,train,0.0,U,u,3,2.0,0,Mr,18-25
149,150,2.0,male,42.0,0.0,0.0,13.0,S,train,0.0,U,u,0,0.0,1,Officer,35-60
150,151,2.0,male,51.0,0.0,0.0,12525.0,S,train,0.0,U,u,0,0.0,1,Officer,35-60
151,152,1.0,female,22.0,1.0,0.0,66.6,S,train,1.0,C,e,1,1.0,0,Mrs,18-25
152,153,3.0,male,55.5,0.0,0.0,8.05,S,train,0.0,U,u,0,0.0,1,Mr,35-60
153,154,3.0,male,40.5,0.0,2.0,14.5,S,train,0.0,U,u,2,2.0,0,Mr,35-60
154,155,3.0,male,26.0,0.0,0.0,73125.0,S,train,0.0,U,u,0,0.0,1,Mr,25-35
155,156,1.0,male,51.0,0.0,1.0,613792.0,C,train,0.0,U,u,2,1.0,0,Mr,35-60
157,158,3.0,male,30.0,0.0,0.0,8.05,S,train,0.0,U,u,0,0.0,1,Mr,25-35
158,159,3.0,male,26.0,0.0,0.0,86625.0,S,train,0.0,U,u,0,0.0,1,Mr,25-35
159,160,3.0,male,6.0,8.0,2.0,69.55,S,train,0.0,U,u,3,10.0,0,Master,4-12
160,161,3.0,male,44.0,0.0,1.0,16.1,S,train,0.0,U,u,2,1.0,0,Mr,35-60
162,163,3.0,male,26.0,0.0,0.0,7775.0,S,train,0.0,U,u,0,0.0,1,Mr,25-35
163,164,3.0,male,17.0,0.0,0.0,86625.0,S,train,0.0,U,u,0,0.0,1,Mr,12-18
164,165,3.0,male,1.0,4.0,1.0,396875.0,S,train,0.0,U,u,3,5.0,0,Master,0-4
166,167,1.0,female,45.0,0.0,1.0,55.0,S,train,1.0,E,o,2,1.0,0,Mrs,35-60
167,168,3.0,female,45.0,1.0,4.0,27.9,S,train,0.0,U,u,3,5.0,0,Mrs,35-60
168,169,1.0,male,41.0,0.0,0.0,25925.0,S,train,0.0,U,u,0,0.0,1,Mr,35-60
169,170,3.0,male,28.0,0.0,0.0,564958.0,S,train,0.0,U,u,0,0.0,1,Mr,25-35
170,171,1.0,male,61.0,0.0,0.0,33.5,S,train,0.0,B,o,0,0.0,1,Mr,60-100
171,172,3.0,male,4.0,4.0,1.0,29125.0,Q,train,0.0,U,u,3,5.0,0,Master,0-4
172,173,3.0,female,1.0,1.0,1.0,111333.0,S,train,1.0,U,u,3,2.0,0,Miss,0-4
173,174,3.0,male,21.0,0.0,0.0,7925.0,S,train,0.0,U,u,0,0.0,1,Mr,18-25
174,175,1.0,male,56.0,0.0,0.0,306958.0,C,train,0.0,A,o,0,0.0,1,Mr,35-60
175,176,3.0,male,18.0,1.0,1.0,78542.0,S,train,0.0,U,u,3,2.0,0,Mr,12-18
176,177,3.0,male,6.0,3.0,1.0,254667.0,S,train,0.0,U,u,3,4.0,0,Master,4-12
177,178,1.0,female,50.0,0.0,0.0,287125.0,C,train,0.0,C,o,0,0.0,1,Miss,35-60
178,179,2.0,male,30.0,0.0,0.0,13.0,S,train,0.0,U,u,0,0.0,1,Mr,25-35
179,180,3.0,male,36.0,0.0,0.0,0.0,S,train,0.0,U,u,0,0.0,1,Mr,35-60
180,181,3.0,female,18.75,8.0,2.0,69.55,S,train,0.0,U,u,3,10.0,0,Miss,18-25
181,182,2.0,male,30.0,0.0,0.0,15.05,C,train,0.0,U,u,0,0.0,1,Mr,25-35
182,183,3.0,male,9.0,4.0,2.0,313875.0,S,train,0.0,U,u,3,6.0,0,Master,4-12
183,184,2.0,male,1.0,2.0,1.0,39.0,S,train,1.0,F,e,3,3.0,0,Master,0-4
184,185,3.0,female,4.0,0.0,2.0,22025.0,S,train,1.0,U,u,2,2.0,0,Miss,0-4
185,186,1.0,male,41.0,0.0,0.0,50.0,S,train,0.0,A,e,0,0.0,1,Mr,35-60
188,189,3.0,male,40.0,1.0,1.0,15.5,Q,train,0.0,U,u,3,2.0,0,Mr,35-60
189,190,3.0,male,36.0,0.0,0.0,78958.0,S,train,0.0,U,u,0,0.0,1,Mr,35-60
190,191,2.0,female,32.0,0.0,0.0,13.0,S,train,1.0,U,u,0,0.0,1,Mrs,25-35
191,192,2.0,male,19.0,0.0,0.0,13.0,S,train,0.0,U,u,0,0.0,1,Mr,18-25
192,193,3.0,female,19.0,1.0,0.0,78542.0,S,train,1.0,U,u,1,1.0,0,Miss,18-25
193,194,2.0,male,3.0,1.0,1.0,26.0,S,train,1.0,F,e,3,2.0,0,Master,0-4
194,195,1.0,female,44.0,0.0,0.0,277208.0,C,train,1.0,B,e,0,0.0,1,Mrs,35-60
195,196,1.0,female,58.0,0.0,0.0,1465208.0,C,train,1.0,B,e,0,0.0,1,Miss,35-60
196,197,3.0,male,26.0,0.0,0.0,7.75,Q,train,0.0,U,u,0,0.0,1,Mr,25-35
197,198,3.0,male,42.0,0.0,1.0,84042.0,S,train,0.0,U,u,2,1.0,0,Mr,35-60
200,201,3.0,male,28.0,0.0,0.0,9.5,S,train,0.0,U,u,0,0.0,1,Mr,25-35
201,202,3.0,male,26.0,8.0,2.0,69.55,S,train,0.0,U,u,3,10.0,0,Mr,25-35
202,203,3.0,male,34.0,0.0,0.0,64958.0,S,train,0.0,U,u,0,0.0,1,Mr,25-35
203,204,3.0,male,45.5,0.0,0.0,7225.0,C,train,0.0,U,u,0,0.0,1,Mr,35-60
205,206,3.0,female,2.0,0.0,1.0,104625.0,S,train,0.0,G,e,2,1.0,0,Miss,0-4
206,207,3.0,male,32.0,1.0,0.0,15.85,S,train,0.0,U,u,1,1.0,0,Mr,25-35
207,208,3.0,male,26.0,0.0,0.0,187875.0,C,train,1.0,U,u,0,0.0,1,Mr,25-35
209,210,1.0,male,40.0,0.0,0.0,31.0,C,train,1.0,A,o,0,0.0,1,Mr,35-60
210,211,3.0,male,24.0,0.0,0.0,7.05,S,train,0.0,U,u,0,0.0,1,Mr,18-25
211,212,2.0,female,35.0,0.0,0.0,21.0,S,train,1.0,U,u,0,0.0,1,Miss,25-35
212,213,3.0,male,22.0,0.0,0.0,7.25,S,train,0.0,U,u,0,0.0,1,Mr,18-25
213,214,2.0,male,30.0,0.0,0.0,13.0,S,train,0.0,U,u,0,0.0,1,Mr,25-35
214,215,3.0,male,26.0,1.0,0.0,7.75,Q,train,0.0,U,u,1,1.0,0,Mr,25-35
215,216,1.0,female,31.0,1.0,0.0,113275.0,C,train,1.0,D,e,1,1.0,0,Miss,25-35
216,217,3.0,female,27.0,0.0,0.0,7925.0,S,train,1.0,U,u,0,0.0,1,Miss,25-35
217,218,2.0,male,42.0,1.0,0.0,27.0,S,train,0.0,U,u,1,1.0,0,Mr,35-60
218,219,1.0,female,32.0,0.0,0.0,762917.0,C,train,1.0,D,o,0,0.0,1,Miss,25-35
219,220,2.0,male,30.0,0.0,0.0,10.5,S,train,0.0,U,u,0,0.0,1,Mr,25-35
220,221,3.0,male,16.0,0.0,0.0,8.05,S,train,1.0,U,u,0,0.0,1,Mr,12-18
221,222,2.0,male,27.0,0.0,0.0,13.0,S,train,0.0,U,u,0,0.0,1,Mr,25-35
222,223,3.0,male,51.0,0.0,0.0,8.05,S,train,0.0,U,u,0,0.0,1,Mr,35-60
223,224,3.0,male,26.0,0.0,0.0,78958.0,S,train,0.0,U,u,0,0.0,1,Mr,25-35
224,225,1.0,male,38.0,1.0,0.0,90.0,S,train,1.0,C,o,1,1.0,0,Mr,35-60
225,226,3.0,male,22.0,0.0,0.0,9.35,S,train,0.0,U,u,0,0.0,1,Mr,18-25
226,227,2.0,male,19.0,0.0,0.0,10.5,S,train,1.0,U,u,0,0.0,1,Mr,18-25
228,229,2.0,male,18.0,0.0,0.0,13.0,S,train,0.0,U,u,0,0.0,1,Mr,12-18
229,230,3.0,female,18.75,3.0,1.0,254667.0,S,train,0.0,U,u,3,4.0,0,Miss,18-25
230,231,1.0,female,35.0,1.0,0.0,83475.0,S,train,1.0,C,o,1,1.0,0,Mrs,25-35
231,232,3.0,male,29.0,0.0,0.0,7775.0,S,train,0.0,U,u,0,0.0,1,Mr,25-35
232,233,2.0,male,59.0,0.0,0.0,13.5,S,train,0.0,U,u,0,0.0,1,Mr,35-60
233,234,3.0,female,5.0,4.0,2.0,313875.0,S,train,1.0,U,u,3,6.0,0,Miss,4-12
234,235,2.0,male,24.0,0.0,0.0,10.5,S,train,0.0,U,u,0,0.0,1,Mr,18-25
235,236,3.0,female,18.75,0.0,0.0,7.55,S,train,0.0,U,u,0,0.0,1,Miss,18-25
236,237,2.0,male,44.0,1.0,0.0,26.0,S,train,0.0,U,u,1,1.0,0,Mr,35-60
238,239,2.0,male,19.0,0.0,0.0,10.5,S,train,0.0,U,u,0,0.0,1,Mr,18-25
239,240,2.0,male,33.0,0.0,0.0,12275.0,S,train,0.0,U,u,0,0.0,1,Mr,25-35
240,241,3.0,female,18.75,1.0,0.0,144542.0,C,train,0.0,U,u,1,1.0,0,Miss,18-25
242,243,2.0,male,29.0,0.0,0.0,10.5,S,train,0.0,U,u,0,0.0,1,Mr,25-35
243,244,3.0,male,22.0,0.0,0.0,7125.0,S,train,0.0,U,u,0,0.0,1,Mr,18-25
244,245,3.0,male,30.0,0.0,0.0,7225.0,C,train,0.0,U,u,0,0.0,1,Mr,25-35
245,246,1.0,male,44.0,2.0,0.0,90.0,Q,train,0.0,C,e,1,2.0,0,Officer,35-60
246,247,3.0,female,25.0,0.0,0.0,7775.0,S,train,0.0,U,u,0,0.0,1,Miss,18-25
247,248,2.0,female,24.0,0.0,2.0,14.5,S,train,1.0,U,u,2,2.0,0,Mrs,18-25
248,249,1.0,male,37.0,1.0,1.0,525542.0,S,train,1.0,D,o,3,2.0,0,Mr,35-60
249,250,2.0,male,54.0,1.0,0.0,26.0,S,train,0.0,U,u,1,1.0,0,Officer,35-60
250,251,3.0,male,26.0,0.0,0.0,7.25,S,train,0.0,U,u,0,0.0,1,Mr,25-35
251,252,3.0,female,29.0,1.0,1.0,104625.0,S,train,0.0,G,e,3,2.0,0,Mrs,25-35
252,253,1.0,male,62.0,0.0,0.0,26.55,S,train,0.0,C,o,0,0.0,1,Mr,60-100
253,254,3.0,male,30.0,1.0,0.0,16.1,S,train,0.0,U,u,1,1.0,0,Mr,25-35
254,255,3.0,female,41.0,0.0,2.0,202125.0,S,train,0.0,U,u,2,2.0,0,Mrs,35-60
255,256,3.0,female,29.0,0.0,2.0,152458.0,C,train,1.0,U,u,2,2.0,0,Mrs,25-35
256,257,1.0,female,45.0,0.0,0.0,79.2,C,train,1.0,U,u,0,0.0,1,Mrs,35-60
257,258,1.0,female,30.0,0.0,0.0,86.5,S,train,1.0,B,o,0,0.0,1,Miss,25-35
258,259,1.0,female,35.0,0.0,0.0,5123292.0,C,train,1.0,U,u,0,0.0,1,Miss,25-35
259,260,2.0,female,50.0,0.0,1.0,26.0,S,train,1.0,U,u,2,1.0,0,Mrs,35-60
260,261,3.0,male,26.0,0.0,0.0,7.75,Q,train,0.0,U,u,0,0.0,1,Mr,25-35
261,262,3.0,male,3.0,4.0,2.0,313875.0,S,train,1.0,U,u,3,6.0,0,Master,0-4
262,263,1.0,male,52.0,1.0,1.0,79.65,S,train,0.0,E,o,3,2.0,0,Mr,35-60
263,264,1.0,male,40.0,0.0,0.0,0.0,S,train,0.0,B,e,0,0.0,1,Mr,35-60
264,265,3.0,female,18.75,0.0,0.0,7.75,Q,train,0.0,U,u,0,0.0,1,Miss,18-25
265,266,2.0,male,36.0,0.0,0.0,10.5,S,train,0.0,U,u,0,0.0,1,Mr,35-60
266,267,3.0,male,16.0,4.0,1.0,396875.0,S,train,0.0,U,u,3,5.0,0,Mr,12-18
267,268,3.0,male,25.0,1.0,0.0,7775.0,S,train,1.0,U,u,1,1.0,0,Mr,18-25
268,269,1.0,female,58.0,0.0,1.0,1534625.0,S,train,1.0,C,o,2,1.0,0,Mrs,35-60
269,270,1.0,female,35.0,0.0,0.0,1356333.0,S,train,1.0,C,o,0,0.0,1,Miss,25-35
270,271,1.0,male,41.0,0.0,0.0,31.0,S,train,0.0,U,u,0,0.0,1,Mr,35-60
271,272,3.0,male,25.0,0.0,0.0,0.0,S,train,1.0,U,u,0,0.0,1,Mr,18-25
272,273,2.0,female,41.0,0.0,1.0,19.5,S,train,1.0,U,u,2,1.0,0,Mrs,35-60
273,274,1.0,male,37.0,0.0,1.0,29.7,C,train,0.0,C,e,2,1.0,0,Mr,35-60
275,276,1.0,female,63.0,1.0,0.0,779583.0,S,train,1.0,D,o,1,1.0,0,Miss,60-100
276,277,3.0,female,45.0,0.0,0.0,7.75,S,train,0.0,U,u,0,0.0,1,Miss,35-60
278,279,3.0,male,7.0,4.0,1.0,29125.0,Q,train,0.0,U,u,3,5.0,0,Master,4-12
279,280,3.0,female,35.0,1.0,1.0,20.25,S,train,1.0,U,u,3,2.0,0,Mrs,25-35
280,281,3.0,male,65.0,0.0,0.0,7.75,Q,train,0.0,U,u,0,0.0,1,Mr,60-100
281,282,3.0,male,28.0,0.0,0.0,78542.0,S,train,0.0,U,u,0,0.0,1,Mr,25-35
282,283,3.0,male,16.0,0.0,0.0,9.5,S,train,0.0,U,u,0,0.0,1,Mr,12-18
283,284,3.0,male,19.0,0.0,0.0,8.05,S,train,1.0,U,u,0,0.0,1,Mr,18-25
284,285,1.0,male,41.0,0.0,0.0,26.0,S,train,0.0,A,o,0,0.0,1,Mr,35-60
285,286,3.0,male,33.0,0.0,0.0,86625.0,C,train,0.0,U,u,0,0.0,1,Mr,25-35
286,287,3.0,male,30.0,0.0,0.0,9.5,S,train,1.0,U,u,0,0.0,1,Mr,25-35
287,288,3.0,male,22.0,0.0,0.0,78958.0,S,train,0.0,U,u,0,0.0,1,Mr,18-25
288,289,2.0,male,42.0,0.0,0.0,13.0,S,train,1.0,U,u,0,0.0,1,Mr,35-60
289,290,3.0,female,22.0,0.0,0.0,7.75,Q,train,1.0,U,u,0,0.0,1,Miss,18-25
291,292,1.0,female,19.0,1.0,0.0,910792.0,C,train,1.0,B,o,1,1.0,0,Mrs,18-25
292,293,2.0,male,36.0,0.0,0.0,12875.0,C,train,0.0,D,u,0,0.0,1,Mr,35-60
293,294,3.0,female,24.0,0.0,0.0,8.85,S,train,0.0,U,u,0,0.0,1,Miss,18-25
294,295,3.0,male,24.0,0.0,0.0,78958.0,S,train,0.0,U,u,0,0.0,1,Mr,18-25
295,296,1.0,male,41.0,0.0,0.0,277208.0,C,train,0.0,U,u,0,0.0,1,Mr,35-60
296,297,3.0,male,23.5,0.0,0.0,72292.0,C,train,0.0,U,u,0,0.0,1,Mr,18-25
297,298,1.0,female,2.0,1.0,2.0,151.55,S,train,0.0,C,e,3,3.0,0,Miss,0-4
298,299,1.0,male,41.0,0.0,0.0,30.5,S,train,1.0,C,e,0,0.0,1,Mr,35-60
299,300,1.0,female,50.0,0.0,1.0,2475208.0,C,train,1.0,B,e,2,1.0,0,Mrs,35-60
301,302,3.0,male,26.0,2.0,0.0,23.25,Q,train,1.0,U,u,1,2.0,0,Mr,25-35
302,303,3.0,male,19.0,0.0,0.0,0.0,S,train,0.0,U,u,0,0.0,1,Mr,18-25
303,304,2.0,female,20.0,0.0,0.0,12.35,Q,train,1.0,E,o,0,0.0,1,Miss,18-25
305,306,1.0,male,0.92,1.0,2.0,151.55,S,train,1.0,C,e,3,3.0,0,Master,0-4
306,307,1.0,female,30.0,0.0,0.0,1108833.0,C,train,1.0,U,u,0,0.0,1,Miss,25-35
307,308,1.0,female,17.0,1.0,0.0,108.9,C,train,1.0,C,o,1,1.0,0,Mrs,12-18
308,309,2.0,male,30.0,1.0,0.0,24.0,C,train,0.0,U,u,1,1.0,0,Mr,25-35
309,310,1.0,female,30.0,0.0,0.0,569292.0,C,train,1.0,E,e,0,0.0,1,Miss,25-35
310,311,1.0,female,24.0,0.0,0.0,831583.0,C,train,1.0,C,e,0,0.0,1,Miss,18-25
311,312,1.0,female,18.0,2.0,2.0,262375.0,C,train,1.0,B,o,3,4.0,0,Miss,12-18
312,313,2.0,female,26.0,1.0,1.0,26.0,S,train,0.0,U,u,3,2.0,0,Mrs,25-35
313,314,3.0,male,28.0,0.0,0.0,78958.0,S,train,0.0,U,u,0,0.0,1,Mr,25-35
314,315,2.0,male,43.0,1.0,1.0,26.25,S,train,0.0,U,u,3,2.0,0,Mr,35-60
315,316,3.0,female,26.0,0.0,0.0,78542.0,S,train,1.0,U,u,0,0.0,1,Miss,25-35
316,317,2.0,female,24.0,1.0,0.0,26.0,S,train,1.0,U,u,1,1.0,0,Mrs,18-25
317,318,2.0,male,54.0,0.0,0.0,14.0,S,train,0.0,U,u,0,0.0,1,Officer,35-60
318,319,1.0,female,31.0,0.0,2.0,1648667.0,S,train,1.0,C,o,2,2.0,0,Miss,25-35
319,320,1.0,female,40.0,1.0,1.0,134.5,C,train,1.0,E,e,3,2.0,0,Mrs,35-60
320,321,3.0,male,22.0,0.0,0.0,7.25,S,train,0.0,U,u,0,0.0,1,Mr,18-25
321,322,3.0,male,27.0,0.0,0.0,78958.0,S,train,0.0,U,u,0,0.0,1,Mr,25-35
322,323,2.0,female,30.0,0.0,0.0,12.35,Q,train,1.0,U,u,0,0.0,1,Miss,25-35
323,324,2.0,female,22.0,1.0,1.0,29.0,S,train,1.0,U,u,3,2.0,0,Mrs,18-25
324,325,3.0,male,26.0,8.0,2.0,69.55,S,train,0.0,U,u,3,10.0,0,Mr,25-35
325,326,1.0,female,36.0,0.0,0.0,1356333.0,C,train,1.0,C,e,0,0.0,1,Miss,35-60
326,327,3.0,male,61.0,0.0,0.0,62375.0,S,train,0.0,U,u,0,0.0,1,Mr,60-100
327,328,2.0,female,36.0,0.0,0.0,13.0,S,train,1.0,D,u,0,0.0,1,Mrs,35-60
328,329,3.0,female,31.0,1.0,1.0,20525.0,S,train,1.0,U,u,3,2.0,0,Mrs,25-35
329,330,1.0,female,16.0,0.0,1.0,579792.0,C,train,1.0,B,e,2,1.0,0,Miss,12-18
330,331,3.0,female,18.75,2.0,0.0,23.25,Q,train,1.0,U,u,1,2.0,0,Miss,18-25
331,332,1.0,male,45.5,0.0,0.0,28.5,S,train,0.0,C,e,0,0.0,1,Mr,35-60
332,333,1.0,male,38.0,0.0,1.0,1534625.0,S,train,0.0,C,o,2,1.0,0,Mr,35-60
333,334,3.0,male,16.0,2.0,0.0,18.0,S,train,0.0,U,u,1,2.0,0,Mr,12-18
334,335,1.0,female,45.0,1.0,0.0,133.65,S,train,1.0,U,u,1,1.0,0,Mrs,35-60
335,336,3.0,male,26.0,0.0,0.0,78958.0,S,train,0.0,U,u,0,0.0,1,Mr,25-35
336,337,1.0,male,29.0,1.0,0.0,66.6,S,train,0.0,C,e,1,1.0,0,Mr,25-35
337,338,1.0,female,41.0,0.0,0.0,134.5,C,train,1.0,E,e,0,0.0,1,Miss,35-60
338,339,3.0,male,45.0,0.0,0.0,8.05,S,train,1.0,U,u,0,0.0,1,Mr,35-60
339,340,1.0,male,45.0,0.0,0.0,35.5,S,train,0.0,T,u,0,0.0,1,Mr,35-60
340,341,2.0,male,2.0,1.0,1.0,26.0,S,train,1.0,F,e,3,2.0,0,Master,0-4
341,342,1.0,female,24.0,3.0,2.0,263.0,S,train,1.0,C,o,3,5.0,0,Miss,18-25
342,343,2.0,male,28.0,0.0,0.0,13.0,S,train,0.0,U,u,0,0.0,1,Mr,25-35
343,344,2.0,male,25.0,0.0,0.0,13.0,S,train,0.0,U,u,0,0.0,1,Mr,18-25
344,345,2.0,male,36.0,0.0,0.0,13.0,S,train,0.0,U,u,0,0.0,1,Mr,35-60
346,347,2.0,female,40.0,0.0,0.0,13.0,S,train,1.0,U,u,0,0.0,1,Miss,35-60
347,348,3.0,female,31.0,1.0,0.0,16.1,S,train,1.0,U,u,1,1.0,0,Mrs,25-35
349,350,3.0,male,42.0,0.0,0.0,86625.0,S,train,0.0,U,u,0,0.0,1,Mr,35-60
350,351,3.0,male,23.0,0.0,0.0,9225.0,S,train,0.0,U,u,0,0.0,1,Mr,18-25
351,352,1.0,male,41.0,0.0,0.0,35.0,S,train,0.0,C,e,0,0.0,1,Mr,35-60
352,353,3.0,male,15.0,1.0,1.0,72292.0,C,train,0.0,U,u,3,2.0,0,Mr,12-18
353,354,3.0,male,25.0,1.0,0.0,17.8,S,train,0.0,U,u,1,1.0,0,Mr,18-25
354,355,3.0,male,26.0,0.0,0.0,7225.0,C,train,0.0,U,u,0,0.0,1,Mr,25-35
355,356,3.0,male,28.0,0.0,0.0,9.5,S,train,0.0,U,u,0,0.0,1,Mr,25-35
356,357,1.0,female,22.0,0.0,1.0,55.0,S,train,1.0,E,o,2,1.0,0,Miss,18-25
357,358,2.0,female,38.0,0.0,0.0,13.0,S,train,0.0,U,u,0,0.0,1,Miss,35-60
358,359,3.0,female,18.75,0.0,0.0,78792.0,Q,train,1.0,U,u,0,0.0,1,Miss,18-25
360,361,3.0,male,40.0,1.0,4.0,27.9,S,train,0.0,U,u,3,5.0,0,Mr,35-60
361,362,2.0,male,29.0,1.0,0.0,277208.0,C,train,0.0,U,u,1,1.0,0,Mr,25-35
362,363,3.0,female,45.0,0.0,1.0,144542.0,C,train,0.0,U,u,2,1.0,0,Mrs,35-60
363,364,3.0,male,35.0,0.0,0.0,7.05,S,train,0.0,U,u,0,0.0,1,Mr,25-35
364,365,3.0,male,26.0,1.0,0.0,15.5,Q,train,0.0,U,u,1,1.0,0,Mr,25-35
365,366,3.0,male,30.0,0.0,0.0,7.25,S,train,0.0,U,u,0,0.0,1,Mr,25-35
366,367,1.0,female,60.0,1.0,0.0,75.25,C,train,1.0,D,o,1,1.0,0,Mrs,35-60
367,368,3.0,female,31.0,0.0,0.0,72292.0,C,train,1.0,U,u,0,0.0,1,Mrs,25-35
368,369,3.0,female,18.75,0.0,0.0,7.75,Q,train,1.0,U,u,0,0.0,1,Miss,18-25
369,370,1.0,female,24.0,0.0,0.0,69.3,C,train,1.0,B,o,0,0.0,1,Mrs,18-25
370,371,1.0,male,25.0,1.0,0.0,554417.0,C,train,1.0,E,e,1,1.0,0,Mr,18-25
371,372,3.0,male,18.0,1.0,0.0,64958.0,S,train,0.0,U,u,1,1.0,0,Mr,12-18
372,373,3.0,male,19.0,0.0,0.0,8.05,S,train,0.0,U,u,0,0.0,1,Mr,18-25
373,374,1.0,male,22.0,0.0,0.0,1356333.0,C,train,0.0,U,u,0,0.0,1,Mr,18-25
374,375,3.0,female,3.0,3.0,1.0,21075.0,S,train,0.0,U,u,3,4.0,0,Miss,0-4
375,376,1.0,female,45.0,1.0,0.0,821708.0,C,train,1.0,U,u,1,1.0,0,Mrs,35-60
376,377,3.0,female,22.0,0.0,0.0,7.25,S,train,1.0,U,u,0,0.0,1,Miss,18-25
377,378,1.0,male,27.0,0.0,2.0,211.5,C,train,0.0,C,e,2,2.0,0,Mr,25-35
378,379,3.0,male,20.0,0.0,0.0,40125.0,C,train,0.0,U,u,0,0.0,1,Mr,18-25
379,380,3.0,male,19.0,0.0,0.0,7775.0,S,train,0.0,U,u,0,0.0,1,Mr,18-25
380,381,1.0,female,42.0,0.0,0.0,227525.0,C,train,1.0,U,u,0,0.0,1,Miss,35-60
382,383,3.0,male,32.0,0.0,0.0,7925.0,S,train,0.0,U,u,0,0.0,1,Mr,25-35
383,384,1.0,female,35.0,1.0,0.0,52.0,S,train,1.0,U,u,1,1.0,0,Mrs,25-35
384,385,3.0,male,26.0,0.0,0.0,78958.0,S,train,0.0,U,u,0,0.0,1,Mr,25-35
385,386,2.0,male,18.0,0.0,0.0,73.5,S,train,0.0,U,u,0,0.0,1,Mr,12-18
386,387,3.0,male,1.0,5.0,2.0,46.9,S,train,0.0,U,u,3,7.0,0,Master,0-4
387,388,2.0,female,36.0,0.0,0.0,13.0,S,train,1.0,U,u,0,0.0,1,Miss,35-60
388,389,3.0,male,26.0,0.0,0.0,77292.0,Q,train,0.0,U,u,0,0.0,1,Mr,25-35
389,390,2.0,female,17.0,0.0,0.0,12.0,C,train,1.0,U,u,0,0.0,1,Miss,12-18
390,391,1.0,male,36.0,1.0,2.0,120.0,S,train,1.0,B,e,3,3.0,0,Mr,35-60
391,392,3.0,male,21.0,0.0,0.0,77958.0,S,train,1.0,U,u,0,0.0,1,Mr,18-25
392,393,3.0,male,28.0,2.0,0.0,7925.0,S,train,0.0,U,u,1,2.0,0,Mr,25-35
393,394,1.0,female,23.0,1.0,0.0,113275.0,C,train,1.0,D,e,1,1.0,0,Miss,18-25
394,395,3.0,female,24.0,0.0,2.0,16.7,S,train,1.0,G,e,2,2.0,0,Mrs,18-25
395,396,3.0,male,22.0,0.0,0.0,77958.0,S,train,0.0,U,u,0,0.0,1,Mr,18-25
396,397,3.0,female,31.0,0.0,0.0,78542.0,S,train,0.0,U,u,0,0.0,1,Miss,25-35
397,398,2.0,male,46.0,0.0,0.0,26.0,S,train,0.0,U,u,0,0.0,1,Mr,35-60
398,399,2.0,male,23.0,0.0,0.0,10.5,S,train,0.0,U,u,0,0.0,1,Officer,18-25
399,400,2.0,female,28.0,0.0,0.0,12.65,S,train,1.0,U,u,0,0.0,1,Mrs,25-35
400,401,3.0,male,39.0,0.0,0.0,7925.0,S,train,1.0,U,u,0,0.0,1,Mr,35-60
401,402,3.0,male,26.0,0.0,0.0,8.05,S,train,0.0,U,u,0,0.0,1,Mr,25-35
402,403,3.0,female,21.0,1.0,0.0,9825.0,S,train,0.0,U,u,1,1.0,0,Miss,18-25
403,404,3.0,male,28.0,1.0,0.0,15.85,S,train,0.0,U,u,1,1.0,0,Mr,25-35
404,405,3.0,female,20.0,0.0,0.0,86625.0,S,train,0.0,U,u,0,0.0,1,Miss,18-25
405,406,2.0,male,34.0,1.0,0.0,21.0,S,train,0.0,U,u,1,1.0,0,Mr,25-35
406,407,3.0,male,51.0,0.0,0.0,7.75,S,train,0.0,U,u,0,0.0,1,Mr,35-60
407,408,2.0,male,3.0,1.0,1.0,18.75,S,train,1.0,U,u,3,2.0,0,Master,0-4
408,409,3.0,male,21.0,0.0,0.0,7775.0,S,train,0.0,U,u,0,0.0,1,Mr,18-25
409,410,3.0,female,18.75,3.0,1.0,254667.0,S,train,0.0,U,u,3,4.0,0,Miss,18-25
410,411,3.0,male,26.0,0.0,0.0,78958.0,S,train,0.0,U,u,0,0.0,1,Mr,25-35
411,412,3.0,male,26.0,0.0,0.0,68583.0,Q,train,0.0,U,u,0,0.0,1,Mr,25-35
412,413,1.0,female,33.0,1.0,0.0,90.0,Q,train,1.0,C,e,1,1.0,0,Miss,25-35
413,414,2.0,male,30.0,0.0,0.0,0.0,S,train,0.0,U,u,0,0.0,1,Mr,25-35
414,415,3.0,male,44.0,0.0,0.0,7925.0,S,train,1.0,U,u,0,0.0,1,Mr,35-60
415,416,3.0,female,31.0,0.0,0.0,8.05,S,train,0.0,U,u,0,0.0,1,Mrs,25-35
416,417,2.0,female,34.0,1.0,1.0,32.5,S,train,1.0,U,u,3,2.0,0,Mrs,25-35
417,418,2.0,female,18.0,0.0,2.0,13.0,S,train,1.0,U,u,2,2.0,0,Miss,12-18
418,419,2.0,male,30.0,0.0,0.0,13.0,S,train,0.0,U,u,0,0.0,1,Mr,25-35
419,420,3.0,female,10.0,0.0,2.0,24.15,S,train,0.0,U,u,2,2.0,0,Miss,4-12
420,421,3.0,male,26.0,0.0,0.0,78958.0,C,train,0.0,U,u,0,0.0,1,Mr,25-35
421,422,3.0,male,21.0,0.0,0.0,77333.0,Q,train,0.0,U,u,0,0.0,1,Mr,18-25
422,423,3.0,male,29.0,0.0,0.0,7875.0,S,train,0.0,U,u,0,0.0,1,Mr,25-35
423,424,3.0,female,28.0,1.0,1.0,14.4,S,train,0.0,U,u,3,2.0,0,Mrs,25-35
424,425,3.0,male,18.0,1.0,1.0,202125.0,S,train,0.0,U,u,3,2.0,0,Mr,12-18
425,426,3.0,male,26.0,0.0,0.0,7.25,S,train,0.0,U,u,0,0.0,1,Mr,25-35
426,427,2.0,female,28.0,1.0,0.0,26.0,S,train,1.0,U,u,1,1.0,0,Mrs,25-35
428,429,3.0,male,26.0,0.0,0.0,7.75,Q,train,0.0,U,u,0,0.0,1,Mr,25-35
429,430,3.0,male,32.0,0.0,0.0,8.05,S,train,1.0,E,e,0,0.0,1,Mr,25-35
430,431,1.0,male,28.0,0.0,0.0,26.55,S,train,1.0,C,e,0,0.0,1,Mr,25-35
431,432,3.0,female,31.0,1.0,0.0,16.1,S,train,1.0,U,u,1,1.0,0,Mrs,25-35
432,433,2.0,female,42.0,1.0,0.0,26.0,S,train,1.0,U,u,1,1.0,0,Mrs,35-60
433,434,3.0,male,17.0,0.0,0.0,7125.0,S,train,0.0,U,u,0,0.0,1,Mr,12-18
434,435,1.0,male,50.0,1.0,0.0,55.9,S,train,0.0,E,e,1,1.0,0,Mr,35-60
435,436,1.0,female,14.0,1.0,2.0,120.0,S,train,1.0,B,e,3,3.0,0,Miss,12-18
437,438,2.0,female,24.0,2.0,3.0,18.75,S,train,1.0,U,u,3,5.0,0,Mrs,18-25
438,439,1.0,male,64.0,1.0,4.0,263.0,S,train,0.0,C,o,3,5.0,0,Mr,60-100
439,440,2.0,male,31.0,0.0,0.0,10.5,S,train,0.0,U,u,0,0.0,1,Mr,25-35
440,441,2.0,female,45.0,1.0,1.0,26.25,S,train,1.0,U,u,3,2.0,0,Mrs,35-60
441,442,3.0,male,20.0,0.0,0.0,9.5,S,train,0.0,U,u,0,0.0,1,Mr,18-25
442,443,3.0,male,25.0,1.0,0.0,7775.0,S,train,0.0,U,u,1,1.0,0,Mr,18-25
443,444,2.0,female,28.0,0.0,0.0,13.0,S,train,1.0,U,u,0,0.0,1,Mrs,25-35
444,445,3.0,male,26.0,0.0,0.0,81125.0,S,train,1.0,U,u,0,0.0,1,Mr,25-35
445,446,1.0,male,4.0,0.0,2.0,818583.0,S,train,1.0,A,e,2,2.0,0,Master,0-4
446,447,2.0,female,13.0,0.0,1.0,19.5,S,train,1.0,U,u,2,1.0,0,Miss,12-18
447,448,1.0,male,34.0,0.0,0.0,26.55,S,train,1.0,U,u,0,0.0,1,Mr,25-35
448,449,3.0,female,5.0,2.0,1.0,192583.0,C,train,1.0,U,u,3,3.0,0,Miss,4-12
449,450,1.0,male,52.0,0.0,0.0,30.5,S,train,1.0,C,e,0,0.0,1,Officer,35-60
450,451,2.0,male,36.0,1.0,2.0,27.75,S,train,0.0,U,u,3,3.0,0,Mr,35-60
451,452,3.0,male,26.0,1.0,0.0,199667.0,S,train,0.0,U,u,1,1.0,0,Mr,25-35
452,453,1.0,male,30.0,0.0,0.0,27.75,C,train,0.0,C,o,0,0.0,1,Mr,25-35
453,454,1.0,male,49.0,1.0,0.0,891042.0,C,train,1.0,C,e,1,1.0,0,Mr,35-60
454,455,3.0,male,26.0,0.0,0.0,8.05,S,train,0.0,U,u,0,0.0,1,Mr,25-35
455,456,3.0,male,29.0,0.0,0.0,78958.0,C,train,1.0,U,u,0,0.0,1,Mr,25-35
456,457,1.0,male,65.0,0.0,0.0,26.55,S,train,0.0,E,e,0,0.0,1,Mr,60-100
457,458,1.0,female,45.0,1.0,0.0,518625.0,S,train,1.0,D,o,1,1.0,0,Mrs,35-60
458,459,2.0,female,50.0,0.0,0.0,10.5,S,train,1.0,U,u,0,0.0,1,Miss,35-60
459,460,3.0,male,26.0,0.0,0.0,7.75,Q,train,0.0,U,u,0,0.0,1,Mr,25-35
460,461,1.0,male,48.0,0.0,0.0,26.55,S,train,1.0,E,e,0,0.0,1,Mr,35-60
461,462,3.0,male,34.0,0.0,0.0,8.05,S,train,0.0,U,u,0,0.0,1,Mr,25-35
462,463,1.0,male,47.0,0.0,0.0,38.5,S,train,0.0,E,o,0,0.0,1,Mr,35-60
463,464,2.0,male,48.0,0.0,0.0,13.0,S,train,0.0,U,u,0,0.0,1,Mr,35-60
464,465,3.0,male,26.0,0.0,0.0,8.05,S,train,0.0,U,u,0,0.0,1,Mr,25-35
465,466,3.0,male,38.0,0.0,0.0,7.05,S,train,0.0,U,u,0,0.0,1,Mr,35-60
466,467,2.0,male,30.0,0.0,0.0,0.0,S,train,0.0,U,u,0,0.0,1,Mr,25-35
467,468,1.0,male,56.0,0.0,0.0,26.55,S,train,0.0,U,u,0,0.0,1,Mr,35-60
468,469,3.0,male,26.0,0.0,0.0,7725.0,Q,train,0.0,U,u,0,0.0,1,Mr,25-35
469,470,3.0,female,0.75,2.0,1.0,192583.0,C,train,1.0,U,u,3,3.0,0,Miss,0-4
470,471,3.0,male,26.0,0.0,0.0,7.25,S,train,0.0,U,u,0,0.0,1,Mr,25-35
471,472,3.0,male,38.0,0.0,0.0,86625.0,S,train,0.0,U,u,0,0.0,1,Mr,35-60
472,473,2.0,female,33.0,1.0,2.0,27.75,S,train,1.0,U,u,3,3.0,0,Mrs,25-35
473,474,2.0,female,23.0,0.0,0.0,137917.0,C,train,1.0,D,u,0,0.0,1,Mrs,18-25
474,475,3.0,female,22.0,0.0,0.0,98375.0,S,train,0.0,U,u,0,0.0,1,Miss,18-25
475,476,1.0,male,41.0,0.0,0.0,52.0,S,train,0.0,A,e,0,0.0,1,Mr,35-60
476,477,2.0,male,34.0,1.0,0.0,21.0,S,train,0.0,U,u,1,1.0,0,Mr,25-35
477,478,3.0,male,29.0,1.0,0.0,70458.0,S,train,0.0,U,u,1,1.0,0,Mr,25-35
478,479,3.0,male,22.0,0.0,0.0,75208.0,S,train,0.0,U,u,0,0.0,1,Mr,18-25
479,480,3.0,female,2.0,0.0,1.0,122875.0,S,train,1.0,U,u,2,1.0,0,Miss,0-4
480,481,3.0,male,9.0,5.0,2.0,46.9,S,train,0.0,U,u,3,7.0,0,Master,4-12
482,483,3.0,male,50.0,0.0,0.0,8.05,S,train,0.0,U,u,0,0.0,1,Mr,35-60
483,484,3.0,female,63.0,0.0,0.0,95875.0,S,train,1.0,U,u,0,0.0,1,Mrs,60-100
484,485,1.0,male,25.0,1.0,0.0,910792.0,C,train,1.0,B,o,1,1.0,0,Mr,18-25
485,486,3.0,female,18.75,3.0,1.0,254667.0,S,train,0.0,U,u,3,4.0,0,Miss,18-25
486,487,1.0,female,35.0,1.0,0.0,90.0,S,train,1.0,C,o,1,1.0,0,Mrs,25-35
487,488,1.0,male,58.0,0.0,0.0,29.7,C,train,0.0,B,o,0,0.0,1,Mr,35-60
488,489,3.0,male,30.0,0.0,0.0,8.05,S,train,0.0,U,u,0,0.0,1,Mr,25-35
490,491,3.0,male,26.0,1.0,0.0,199667.0,S,train,0.0,U,u,1,1.0,0,Mr,25-35
491,492,3.0,male,21.0,0.0,0.0,7.25,S,train,0.0,U,u,0,0.0,1,Mr,18-25
492,493,1.0,male,55.0,0.0,0.0,30.5,S,train,0.0,C,e,0,0.0,1,Mr,35-60
493,494,1.0,male,71.0,0.0,0.0,495042.0,C,train,0.0,U,u,0,0.0,1,Mr,60-100
494,495,3.0,male,21.0,0.0,0.0,8.05,S,train,0.0,U,u,0,0.0,1,Mr,18-25
495,496,3.0,male,26.0,0.0,0.0,144583.0,C,train,0.0,U,u,0,0.0,1,Mr,25-35
496,497,1.0,female,54.0,1.0,0.0,782667.0,C,train,1.0,D,e,1,1.0,0,Miss,35-60
497,498,3.0,male,26.0,0.0,0.0,15.1,S,train,0.0,U,u,0,0.0,1,Mr,25-35
498,499,1.0,female,25.0,1.0,2.0,151.55,S,train,0.0,C,e,3,3.0,0,Mrs,18-25
499,500,3.0,male,24.0,0.0,0.0,77958.0,S,train,0.0,U,u,0,0.0,1,Mr,18-25
500,501,3.0,male,17.0,0.0,0.0,86625.0,S,train,0.0,U,u,0,0.0,1,Mr,12-18
501,502,3.0,female,21.0,0.0,0.0,7.75,Q,train,0.0,U,u,0,0.0,1,Miss,18-25
502,503,3.0,female,18.75,0.0,0.0,76292.0,Q,train,0.0,U,u,0,0.0,1,Miss,18-25
503,504,3.0,female,37.0,0.0,0.0,95875.0,S,train,0.0,U,u,0,0.0,1,Miss,35-60
504,505,1.0,female,16.0,0.0,0.0,86.5,S,train,1.0,B,o,0,0.0,1,Miss,12-18
505,506,1.0,male,18.0,1.0,0.0,108.9,C,train,0.0,C,o,1,1.0,0,Mr,12-18
506,507,2.0,female,33.0,0.0,2.0,26.0,S,train,1.0,U,u,2,2.0,0,Mrs,25-35
508,509,3.0,male,28.0,0.0,0.0,22525.0,S,train,0.0,U,u,0,0.0,1,Mr,25-35
509,510,3.0,male,26.0,0.0,0.0,564958.0,S,train,1.0,U,u,0,0.0,1,Mr,25-35
510,511,3.0,male,29.0,0.0,0.0,7.75,Q,train,1.0,U,u,0,0.0,1,Mr,25-35
511,512,3.0,male,26.0,0.0,0.0,8.05,S,train,0.0,U,u,0,0.0,1,Mr,25-35
512,513,1.0,male,36.0,0.0,0.0,262875.0,S,train,1.0,E,o,0,0.0,1,Mr,35-60
513,514,1.0,female,54.0,1.0,0.0,59.4,C,train,1.0,U,u,1,1.0,0,Mrs,35-60
514,515,3.0,male,24.0,0.0,0.0,74958.0,S,train,0.0,U,u,0,0.0,1,Mr,18-25
515,516,1.0,male,47.0,0.0,0.0,340208.0,S,train,0.0,D,e,0,0.0,1,Mr,35-60
516,517,2.0,female,34.0,0.0,0.0,10.5,S,train,1.0,F,o,0,0.0,1,Mrs,25-35
517,518,3.0,male,26.0,0.0,0.0,24.15,Q,train,0.0,U,u,0,0.0,1,Mr,25-35
519,520,3.0,male,32.0,0.0,0.0,78958.0,S,train,0.0,U,u,0,0.0,1,Mr,25-35
520,521,1.0,female,30.0,0.0,0.0,93.5,S,train,1.0,B,o,0,0.0,1,Miss,25-35
521,522,3.0,male,22.0,0.0,0.0,78958.0,S,train,0.0,U,u,0,0.0,1,Mr,18-25
522,523,3.0,male,26.0,0.0,0.0,7225.0,C,train,0.0,U,u,0,0.0,1,Mr,25-35
523,524,1.0,female,44.0,0.0,1.0,579792.0,C,train,1.0,B,e,2,1.0,0,Mrs,35-60
524,525,3.0,male,26.0,0.0,0.0,72292.0,C,train,0.0,U,u,0,0.0,1,Mr,25-35
525,526,3.0,male,40.5,0.0,0.0,7.75,Q,train,0.0,U,u,0,0.0,1,Mr,35-60
526,527,2.0,female,50.0,0.0,0.0,10.5,S,train,1.0,U,u,0,0.0,1,Miss,35-60
527,528,1.0,male,41.0,0.0,0.0,2217792.0,S,train,0.0,C,o,0,0.0,1,Mr,35-60
528,529,3.0,male,39.0,0.0,0.0,7925.0,S,train,0.0,U,u,0,0.0,1,Mr,35-60
529,530,2.0,male,23.0,2.0,1.0,11.5,S,train,0.0,U,u,3,3.0,0,Mr,18-25
530,531,2.0,female,2.0,1.0,1.0,26.0,S,train,1.0,U,u,3,2.0,0,Miss,0-4
531,532,3.0,male,26.0,0.0,0.0,72292.0,C,train,0.0,U,u,0,0.0,1,Mr,25-35
532,533,3.0,male,17.0,1.0,1.0,72292.0,C,train,0.0,U,u,3,2.0,0,Mr,12-18
533,534,3.0,female,31.0,0.0,2.0,223583.0,C,train,1.0,U,u,2,2.0,0,Mrs,25-35
534,535,3.0,female,30.0,0.0,0.0,86625.0,S,train,0.0,U,u,0,0.0,1,Miss,25-35
535,536,2.0,female,7.0,0.0,2.0,26.25,S,train,1.0,U,u,2,2.0,0,Miss,4-12
536,537,1.0,male,45.0,0.0,0.0,26.55,S,train,0.0,B,e,0,0.0,1,Officer,35-60
537,538,1.0,female,30.0,0.0,0.0,106425.0,C,train,1.0,U,u,0,0.0,1,Miss,25-35
538,539,3.0,male,26.0,0.0,0.0,14.5,S,train,0.0,U,u,0,0.0,1,Mr,25-35
539,540,1.0,female,22.0,0.0,2.0,49.5,C,train,1.0,B,o,2,2.0,0,Miss,18-25
540,541,1.0,female,36.0,0.0,2.0,71.0,S,train,1.0,B,e,2,2.0,0,Miss,35-60
541,542,3.0,female,9.0,4.0,2.0,31275.0,S,train,0.0,U,u,3,6.0,0,Miss,4-12
542,543,3.0,female,11.0,4.0,2.0,31275.0,S,train,0.0,U,u,3,6.0,0,Miss,4-12
543,544,2.0,male,32.0,1.0,0.0,26.0,S,train,1.0,U,u,1,1.0,0,Mr,25-35
544,545,1.0,male,50.0,1.0,0.0,106425.0,C,train,0.0,C,e,1,1.0,0,Mr,35-60
545,546,1.0,male,64.0,0.0,0.0,26.0,S,train,0.0,U,u,0,0.0,1,Mr,60-100
546,547,2.0,female,19.0,1.0,0.0,26.0,S,train,1.0,U,u,1,1.0,0,Mrs,18-25
547,548,2.0,male,30.0,0.0,0.0,138625.0,C,train,1.0,U,u,0,0.0,1,Mr,25-35
548,549,3.0,male,33.0,1.0,1.0,20525.0,S,train,0.0,U,u,3,2.0,0,Mr,25-35
549,550,2.0,male,8.0,1.0,1.0,36.75,S,train,1.0,U,u,3,2.0,0,Master,4-12
550,551,1.0,male,17.0,0.0,2.0,1108833.0,C,train,1.0,C,e,2,2.0,0,Mr,12-18
551,552,2.0,male,27.0,0.0,0.0,26.0,S,train,0.0,U,u,0,0.0,1,Mr,25-35
552,553,3.0,male,26.0,0.0,0.0,78292.0,Q,train,0.0,U,u,0,0.0,1,Mr,25-35
554,555,3.0,female,22.0,0.0,0.0,7775.0,S,train,1.0,U,u,0,0.0,1,Miss,18-25
555,556,1.0,male,62.0,0.0,0.0,26.55,S,train,0.0,U,u,0,0.0,1,Mr,60-100
557,558,1.0,male,41.0,0.0,0.0,227525.0,C,train,0.0,U,u,0,0.0,1,Mr,35-60
558,559,1.0,female,39.0,1.0,1.0,79.65,S,train,1.0,E,o,3,2.0,0,Mrs,35-60
559,560,3.0,female,36.0,1.0,0.0,17.4,S,train,1.0,U,u,1,1.0,0,Mrs,35-60
560,561,3.0,male,26.0,0.0,0.0,7.75,Q,train,0.0,U,u,0,0.0,1,Mr,25-35
561,562,3.0,male,40.0,0.0,0.0,78958.0,S,train,0.0,U,u,0,0.0,1,Mr,35-60
562,563,2.0,male,28.0,0.0,0.0,13.5,S,train,0.0,U,u,0,0.0,1,Mr,25-35
563,564,3.0,male,26.0,0.0,0.0,8.05,S,train,0.0,U,u,0,0.0,1,Mr,25-35
564,565,3.0,female,18.75,0.0,0.0,8.05,S,train,0.0,U,u,0,0.0,1,Miss,18-25
565,566,3.0,male,24.0,2.0,0.0,24.15,S,train,0.0,U,u,1,2.0,0,Mr,18-25
566,567,3.0,male,19.0,0.0,0.0,78958.0,S,train,0.0,U,u,0,0.0,1,Mr,18-25
567,568,3.0,female,29.0,0.0,4.0,21075.0,S,train,0.0,U,u,2,4.0,0,Mrs,25-35
568,569,3.0,male,26.0,0.0,0.0,72292.0,C,train,0.0,U,u,0,0.0,1,Mr,25-35
569,570,3.0,male,32.0,0.0,0.0,78542.0,S,train,1.0,U,u,0,0.0,1,Mr,25-35
570,571,2.0,male,62.0,0.0,0.0,10.5,S,train,1.0,U,u,0,0.0,1,Mr,60-100
571,572,1.0,female,53.0,2.0,0.0,514792.0,S,train,1.0,C,o,1,2.0,0,Mrs,35-60
573,574,3.0,female,18.75,0.0,0.0,7.75,Q,train,1.0,U,u,0,0.0,1,Miss,18-25
574,575,3.0,male,16.0,0.0,0.0,8.05,S,train,0.0,U,u,0,0.0,1,Mr,12-18
575,576,3.0,male,19.0,0.0,0.0,14.5,S,train,0.0,U,u,0,0.0,1,Mr,18-25
576,577,2.0,female,34.0,0.0,0.0,13.0,S,train,1.0,U,u,0,0.0,1,Miss,25-35
577,578,1.0,female,39.0,1.0,0.0,55.9,S,train,1.0,E,e,1,1.0,0,Mrs,35-60
578,579,3.0,female,31.0,1.0,0.0,144583.0,C,train,0.0,U,u,1,1.0,0,Mrs,25-35
579,580,3.0,male,32.0,0.0,0.0,7925.0,S,train,1.0,U,u,0,0.0,1,Mr,25-35
580,581,2.0,female,25.0,1.0,1.0,30.0,S,train,1.0,U,u,3,2.0,0,Miss,18-25
581,582,1.0,female,39.0,1.0,1.0,1108833.0,C,train,1.0,C,e,3,2.0,0,Mrs,35-60
582,583,2.0,male,54.0,0.0,0.0,26.0,S,train,0.0,U,u,0,0.0,1,Mr,35-60
583,584,1.0,male,36.0,0.0,0.0,40125.0,C,train,0.0,A,e,0,0.0,1,Mr,35-60
584,585,3.0,male,26.0,0.0,0.0,87125.0,C,train,0.0,U,u,0,0.0,1,Mr,25-35
585,586,1.0,female,18.0,0.0,2.0,79.65,S,train,1.0,E,e,2,2.0,0,Miss,12-18
586,587,2.0,male,47.0,0.0,0.0,15.0,S,train,0.0,U,u,0,0.0,1,Mr,35-60
587,588,1.0,male,60.0,1.0,1.0,79.2,C,train,1.0,B,o,3,2.0,0,Mr,35-60
588,589,3.0,male,22.0,0.0,0.0,8.05,S,train,0.0,U,u,0,0.0,1,Mr,18-25
589,590,3.0,male,26.0,0.0,0.0,8.05,S,train,0.0,U,u,0,0.0,1,Mr,25-35
590,591,3.0,male,35.0,0.0,0.0,7125.0,S,train,0.0,U,u,0,0.0,1,Mr,25-35
591,592,1.0,female,52.0,1.0,0.0,782667.0,C,train,1.0,D,e,1,1.0,0,Mrs,35-60
592,593,3.0,male,47.0,0.0,0.0,7.25,S,train,0.0,U,u,0,0.0,1,Mr,35-60
593,594,3.0,female,18.75,0.0,2.0,7.75,Q,train,0.0,U,u,2,2.0,0,Miss,18-25
594,595,2.0,male,37.0,1.0,0.0,26.0,S,train,0.0,U,u,1,1.0,0,Mr,35-60
595,596,3.0,male,36.0,1.0,1.0,24.15,S,train,0.0,U,u,3,2.0,0,Mr,35-60
596,597,2.0,female,20.0,0.0,0.0,33.0,S,train,1.0,U,u,0,0.0,1,Miss,18-25
597,598,3.0,male,49.0,0.0,0.0,0.0,S,train,0.0,U,u,0,0.0,1,Mr,35-60
598,599,3.0,male,26.0,0.0,0.0,7225.0,C,train,0.0,U,u,0,0.0,1,Mr,25-35
600,601,2.0,female,24.0,2.0,1.0,27.0,S,train,1.0,U,u,3,3.0,0,Mrs,18-25
601,602,3.0,male,26.0,0.0,0.0,78958.0,S,train,0.0,U,u,0,0.0,1,Mr,25-35
602,603,1.0,male,41.0,0.0,0.0,42.4,S,train,0.0,U,u,0,0.0,1,Mr,35-60
603,604,3.0,male,44.0,0.0,0.0,8.05,S,train,0.0,U,u,0,0.0,1,Mr,35-60
605,606,3.0,male,36.0,1.0,0.0,15.55,S,train,0.0,U,u,1,1.0,0,Mr,35-60
606,607,3.0,male,30.0,0.0,0.0,78958.0,S,train,0.0,U,u,0,0.0,1,Mr,25-35
607,608,1.0,male,27.0,0.0,0.0,30.5,S,train,1.0,U,u,0,0.0,1,Mr,25-35
608,609,2.0,female,22.0,1.0,2.0,415792.0,C,train,1.0,U,u,3,3.0,0,Mrs,18-25
609,610,1.0,female,40.0,0.0,0.0,1534625.0,S,train,1.0,C,o,0,0.0,1,Miss,35-60
610,611,3.0,female,39.0,1.0,5.0,31275.0,S,train,0.0,U,u,3,6.0,0,Mrs,35-60
611,612,3.0,male,26.0,0.0,0.0,7.05,S,train,0.0,U,u,0,0.0,1,Mr,25-35
612,613,3.0,female,18.75,1.0,0.0,15.5,Q,train,1.0,U,u,1,1.0,0,Miss,18-25
613,614,3.0,male,26.0,0.0,0.0,7.75,Q,train,0.0,U,u,0,0.0,1,Mr,25-35
614,615,3.0,male,35.0,0.0,0.0,8.05,S,train,0.0,U,u,0,0.0,1,Mr,25-35
615,616,2.0,female,24.0,1.0,2.0,65.0,S,train,1.0,U,u,3,3.0,0,Miss,18-25
616,617,3.0,male,34.0,1.0,1.0,14.4,S,train,0.0,U,u,3,2.0,0,Mr,25-35
617,618,3.0,female,26.0,1.0,0.0,16.1,S,train,0.0,U,u,1,1.0,0,Mrs,25-35
618,619,2.0,female,4.0,2.0,1.0,39.0,S,train,1.0,F,e,3,3.0,0,Miss,0-4
619,620,2.0,male,26.0,0.0,0.0,10.5,S,train,0.0,U,u,0,0.0,1,Mr,25-35
620,621,3.0,male,27.0,1.0,0.0,144542.0,C,train,0.0,U,u,1,1.0,0,Mr,25-35
621,622,1.0,male,42.0,1.0,0.0,525542.0,S,train,1.0,D,o,1,1.0,0,Mr,35-60
622,623,3.0,male,20.0,1.0,1.0,157417.0,C,train,1.0,U,u,3,2.0,0,Mr,18-25
623,624,3.0,male,21.0,0.0,0.0,78542.0,S,train,0.0,U,u,0,0.0,1,Mr,18-25
625,626,1.0,male,61.0,0.0,0.0,323208.0,S,train,0.0,D,e,0,0.0,1,Mr,60-100
626,627,2.0,male,57.0,0.0,0.0,12.35,Q,train,0.0,U,u,0,0.0,1,Officer,35-60
627,628,1.0,female,21.0,0.0,0.0,779583.0,S,train,1.0,D,o,0,0.0,1,Miss,18-25
628,629,3.0,male,26.0,0.0,0.0,78958.0,S,train,0.0,U,u,0,0.0,1,Mr,25-35
629,630,3.0,male,26.0,0.0,0.0,77333.0,Q,train,0.0,U,u,0,0.0,1,Mr,25-35
630,631,1.0,male,80.0,0.0,0.0,30.0,S,train,1.0,A,o,0,0.0,1,Mr,60-100
631,632,3.0,male,51.0,0.0,0.0,70542.0,S,train,0.0,U,u,0,0.0,1,Mr,35-60
632,633,1.0,male,32.0,0.0,0.0,30.5,C,train,1.0,B,e,0,0.0,1,Officer,25-35
633,634,1.0,male,41.0,0.0,0.0,0.0,S,train,0.0,U,u,0,0.0,1,Mr,35-60
634,635,3.0,female,9.0,3.0,2.0,27.9,S,train,0.0,U,u,3,5.0,0,Miss,4-12
635,636,2.0,female,28.0,0.0,0.0,13.0,S,train,1.0,U,u,0,0.0,1,Miss,25-35
636,637,3.0,male,32.0,0.0,0.0,7925.0,S,train,0.0,U,u,0,0.0,1,Mr,25-35
637,638,2.0,male,31.0,1.0,1.0,26.25,S,train,0.0,U,u,3,2.0,0,Mr,25-35
638,639,3.0,female,41.0,0.0,5.0,396875.0,S,train,0.0,U,u,2,5.0,0,Mrs,35-60
639,640,3.0,male,26.0,1.0,0.0,16.1,S,train,0.0,U,u,1,1.0,0,Mr,25-35
640,641,3.0,male,20.0,0.0,0.0,78542.0,S,train,0.0,U,u,0,0.0,1,Mr,18-25
641,642,1.0,female,24.0,0.0,0.0,69.3,C,train,1.0,B,o,0,0.0,1,Miss,18-25
642,643,3.0,female,2.0,3.0,2.0,27.9,S,train,0.0,U,u,3,5.0,0,Miss,0-4
643,644,3.0,male,26.0,0.0,0.0,564958.0,S,train,1.0,U,u,0,0.0,1,Mr,25-35
644,645,3.0,female,0.75,2.0,1.0,192583.0,C,train,1.0,U,u,3,3.0,0,Miss,0-4
645,646,1.0,male,48.0,1.0,0.0,767292.0,C,train,1.0,D,o,1,1.0,0,Mr,35-60
646,647,3.0,male,19.0,0.0,0.0,78958.0,S,train,0.0,U,u,0,0.0,1,Mr,18-25
647,648,1.0,male,56.0,0.0,0.0,35.5,C,train,1.0,A,e,0,0.0,1,Officer,35-60
648,649,3.0,male,26.0,0.0,0.0,7.55,S,train,0.0,U,u,0,0.0,1,Mr,25-35
649,650,3.0,female,23.0,0.0,0.0,7.55,S,train,1.0,U,u,0,0.0,1,Miss,18-25
650,651,3.0,male,26.0,0.0,0.0,78958.0,S,train,0.0,U,u,0,0.0,1,Mr,25-35
651,652,2.0,female,18.0,0.0,1.0,23.0,S,train,1.0,U,u,2,1.0,0,Miss,12-18
652,653,3.0,male,21.0,0.0,0.0,84333.0,S,train,0.0,U,u,0,0.0,1,Mr,18-25
655,656,2.0,male,24.0,2.0,0.0,73.5,S,train,0.0,U,u,1,2.0,0,Mr,18-25
656,657,3.0,male,26.0,0.0,0.0,78958.0,S,train,0.0,U,u,0,0.0,1,Mr,25-35
657,658,3.0,female,32.0,1.0,1.0,15.5,Q,train,0.0,U,u,3,2.0,0,Mrs,25-35
658,659,2.0,male,23.0,0.0,0.0,13.0,S,train,0.0,U,u,0,0.0,1,Mr,18-25
659,660,1.0,male,58.0,0.0,2.0,113275.0,C,train,0.0,D,e,2,2.0,0,Mr,35-60
660,661,1.0,male,50.0,2.0,0.0,133.65,S,train,1.0,U,u,1,2.0,0,Officer,35-60
661,662,3.0,male,40.0,0.0,0.0,7225.0,C,train,0.0,U,u,0,0.0,1,Mr,35-60
662,663,1.0,male,47.0,0.0,0.0,255875.0,S,train,0.0,E,e,0,0.0,1,Mr,35-60
663,664,3.0,male,36.0,0.0,0.0,74958.0,S,train,0.0,U,u,0,0.0,1,Mr,35-60
664,665,3.0,male,20.0,1.0,0.0,7925.0,S,train,1.0,U,u,1,1.0,0,Mr,18-25
665,666,2.0,male,32.0,2.0,0.0,73.5,S,train,0.0,U,u,1,2.0,0,Mr,25-35
666,667,2.0,male,25.0,0.0,0.0,13.0,S,train,0.0,U,u,0,0.0,1,Mr,18-25
667,668,3.0,male,26.0,0.0,0.0,7775.0,S,train,0.0,U,u,0,0.0,1,Mr,25-35
668,669,3.0,male,43.0,0.0,0.0,8.05,S,train,0.0,U,u,0,0.0,1,Mr,35-60
669,670,1.0,female,45.0,1.0,0.0,52.0,S,train,1.0,C,e,1,1.0,0,Mrs,35-60
670,671,2.0,female,40.0,1.0,1.0,39.0,S,train,1.0,U,u,3,2.0,0,Mrs,35-60
671,672,1.0,male,31.0,1.0,0.0,52.0,S,train,0.0,B,o,1,1.0,0,Mr,25-35
672,673,2.0,male,70.0,0.0,0.0,10.5,S,train,0.0,U,u,0,0.0,1,Mr,60-100
673,674,2.0,male,31.0,0.0,0.0,13.0,S,train,1.0,U,u,0,0.0,1,Mr,25-35
674,675,2.0,male,30.0,0.0,0.0,0.0,S,train,0.0,U,u,0,0.0,1,Mr,25-35
675,676,3.0,male,18.0,0.0,0.0,7775.0,S,train,0.0,U,u,0,0.0,1,Mr,12-18
676,677,3.0,male,24.5,0.0,0.0,8.05,S,train,0.0,U,u,0,0.0,1,Mr,18-25
677,678,3.0,female,18.0,0.0,0.0,98417.0,S,train,1.0,U,u,0,0.0,1,Miss,12-18
678,679,3.0,female,43.0,1.0,6.0,46.9,S,train,0.0,U,u,3,7.0,0,Mrs,35-60
679,680,1.0,male,36.0,0.0,1.0,5123292.0,C,train,1.0,B,o,2,1.0,0,Mr,35-60
680,681,3.0,female,18.75,0.0,0.0,81375.0,Q,train,0.0,U,u,0,0.0,1,Miss,18-25
681,682,1.0,male,27.0,0.0,0.0,767292.0,C,train,1.0,D,o,0,0.0,1,Mr,25-35
682,683,3.0,male,20.0,0.0,0.0,9225.0,S,train,0.0,U,u,0,0.0,1,Mr,18-25
683,684,3.0,male,14.0,5.0,2.0,46.9,S,train,0.0,U,u,3,7.0,0,Mr,12-18
684,685,2.0,male,60.0,1.0,1.0,39.0,S,train,0.0,U,u,3,2.0,0,Mr,35-60
685,686,2.0,male,25.0,1.0,2.0,415792.0,C,train,0.0,U,u,3,3.0,0,Mr,18-25
686,687,3.0,male,14.0,4.0,1.0,396875.0,S,train,0.0,U,u,3,5.0,0,Mr,12-18
687,688,3.0,male,19.0,0.0,0.0,101708.0,S,train,0.0,U,u,0,0.0,1,Mr,18-25
688,689,3.0,male,18.0,0.0,0.0,77958.0,S,train,0.0,U,u,0,0.0,1,Mr,12-18
689,690,1.0,female,15.0,0.0,1.0,2113375.0,S,train,1.0,B,o,2,1.0,0,Miss,12-18
690,691,1.0,male,31.0,1.0,0.0,57.0,S,train,1.0,B,e,1,1.0,0,Mr,25-35
691,692,3.0,female,4.0,0.0,1.0,134167.0,C,train,1.0,U,u,2,1.0,0,Miss,0-4
692,693,3.0,male,26.0,0.0,0.0,564958.0,S,train,1.0,U,u,0,0.0,1,Mr,25-35
693,694,3.0,male,25.0,0.0,0.0,7225.0,C,train,0.0,U,u,0,0.0,1,Mr,18-25
694,695,1.0,male,60.0,0.0,0.0,26.55,S,train,0.0,U,u,0,0.0,1,Officer,35-60
695,696,2.0,male,52.0,0.0,0.0,13.5,S,train,0.0,U,u,0,0.0,1,Mr,35-60
696,697,3.0,male,44.0,0.0,0.0,8.05,S,train,0.0,U,u,0,0.0,1,Mr,35-60
698,699,1.0,male,49.0,1.0,1.0,1108833.0,C,train,0.0,C,e,3,2.0,0,Mr,35-60
699,700,3.0,male,42.0,0.0,0.0,7.65,S,train,0.0,G,o,0,0.0,1,Mr,35-60
700,701,1.0,female,18.0,1.0,0.0,227525.0,C,train,1.0,C,e,1,1.0,0,Mrs,12-18
701,702,1.0,male,35.0,0.0,0.0,262875.0,S,train,1.0,E,e,0,0.0,1,Mr,25-35
702,703,3.0,female,18.0,0.0,1.0,144542.0,C,train,0.0,U,u,2,1.0,0,Miss,12-18
703,704,3.0,male,25.0,0.0,0.0,77417.0,Q,train,0.0,U,u,0,0.0,1,Mr,18-25
704,705,3.0,male,26.0,1.0,0.0,78542.0,S,train,0.0,U,u,1,1.0,0,Mr,25-35
707,708,1.0,male,42.0,0.0,0.0,262875.0,S,train,1.0,E,e,0,0.0,1,Mr,35-60
708,709,1.0,female,22.0,0.0,0.0,151.55,S,train,1.0,U,u,0,0.0,1,Miss,18-25
711,712,1.0,male,41.0,0.0,0.0,26.55,S,train,0.0,C,e,0,0.0,1,Mr,35-60
712,713,1.0,male,48.0,1.0,0.0,52.0,S,train,1.0,C,e,1,1.0,0,Mr,35-60
713,714,3.0,male,29.0,0.0,0.0,94833.0,S,train,0.0,U,u,0,0.0,1,Mr,25-35
714,715,2.0,male,52.0,0.0,0.0,13.0,S,train,0.0,U,u,0,0.0,1,Mr,35-60
715,716,3.0,male,19.0,0.0,0.0,7.65,S,train,0.0,G,o,0,0.0,1,Mr,18-25
716,717,1.0,female,38.0,0.0,0.0,227525.0,C,train,1.0,C,o,0,0.0,1,Miss,35-60
718,719,3.0,male,26.0,0.0,0.0,15.5,Q,train,0.0,U,u,0,0.0,1,Mr,25-35
719,720,3.0,male,33.0,0.0,0.0,7775.0,S,train,0.0,U,u,0,0.0,1,Mr,25-35
721,722,3.0,male,17.0,1.0,0.0,70542.0,S,train,0.0,U,u,1,1.0,0,Mr,12-18
722,723,2.0,male,34.0,0.0,0.0,13.0,S,train,0.0,U,u,0,0.0,1,Mr,25-35
723,724,2.0,male,50.0,0.0,0.0,13.0,S,train,0.0,U,u,0,0.0,1,Mr,35-60
724,725,1.0,male,27.0,1.0,0.0,53.1,S,train,1.0,E,e,1,1.0,0,Mr,25-35
725,726,3.0,male,20.0,0.0,0.0,86625.0,S,train,0.0,U,u,0,0.0,1,Mr,18-25
726,727,2.0,female,30.0,3.0,0.0,21.0,S,train,1.0,U,u,1,3.0,0,Mrs,25-35
727,728,3.0,female,18.75,0.0,0.0,77375.0,Q,train,1.0,U,u,0,0.0,1,Miss,18-25
728,729,2.0,male,25.0,1.0,0.0,26.0,S,train,0.0,U,u,1,1.0,0,Mr,18-25
729,730,3.0,female,25.0,1.0,0.0,7925.0,S,train,0.0,U,u,1,1.0,0,Miss,18-25
730,731,1.0,female,29.0,0.0,0.0,2113375.0,S,train,1.0,B,o,0,0.0,1,Miss,25-35
731,732,3.0,male,11.0,0.0,0.0,187875.0,C,train,0.0,U,u,0,0.0,1,Mr,4-12
732,733,2.0,male,30.0,0.0,0.0,0.0,S,train,0.0,U,u,0,0.0,1,Mr,25-35
733,734,2.0,male,23.0,0.0,0.0,13.0,S,train,0.0,U,u,0,0.0,1,Mr,18-25
734,735,2.0,male,23.0,0.0,0.0,13.0,S,train,0.0,U,u,0,0.0,1,Mr,18-25
735,736,3.0,male,28.5,0.0,0.0,16.1,S,train,0.0,U,u,0,0.0,1,Mr,25-35
736,737,3.0,female,48.0,1.0,3.0,34375.0,S,train,0.0,U,u,3,4.0,0,Mrs,35-60
737,738,1.0,male,35.0,0.0,0.0,5123292.0,C,train,1.0,B,o,0,0.0,1,Mr,25-35
738,739,3.0,male,26.0,0.0,0.0,78958.0,S,train,0.0,U,u,0,0.0,1,Mr,25-35
739,740,3.0,male,26.0,0.0,0.0,78958.0,S,train,0.0,U,u,0,0.0,1,Mr,25-35
740,741,1.0,male,41.0,0.0,0.0,30.0,S,train,1.0,D,o,0,0.0,1,Mr,35-60
741,742,1.0,male,36.0,1.0,0.0,78.85,S,train,0.0,C,e,1,1.0,0,Mr,35-60
743,744,3.0,male,24.0,1.0,0.0,16.1,S,train,0.0,U,u,1,1.0,0,Mr,18-25
744,745,3.0,male,31.0,0.0,0.0,7925.0,S,train,1.0,U,u,0,0.0,1,Mr,25-35
745,746,1.0,male,70.0,1.0,1.0,71.0,S,train,0.0,B,e,3,2.0,0,Officer,60-100
746,747,3.0,male,16.0,1.0,1.0,20.25,S,train,0.0,U,u,3,2.0,0,Mr,12-18
747,748,2.0,female,30.0,0.0,0.0,13.0,S,train,1.0,U,u,0,0.0,1,Miss,25-35
748,749,1.0,male,19.0,1.0,0.0,53.1,S,train,0.0,D,e,1,1.0,0,Mr,18-25
749,750,3.0,male,31.0,0.0,0.0,7.75,Q,train,0.0,U,u,0,0.0,1,Mr,25-35
750,751,2.0,female,4.0,1.0,1.0,23.0,S,train,1.0,U,u,3,2.0,0,Miss,0-4
751,752,3.0,male,6.0,0.0,1.0,12475.0,S,train,1.0,E,o,2,1.0,0,Master,4-12
752,753,3.0,male,33.0,0.0,0.0,9.5,S,train,0.0,U,u,0,0.0,1,Mr,25-35
753,754,3.0,male,23.0,0.0,0.0,78958.0,S,train,0.0,U,u,0,0.0,1,Mr,18-25
754,755,2.0,female,48.0,1.0,2.0,65.0,S,train,1.0,U,u,3,3.0,0,Mrs,35-60
755,756,2.0,male,0.67,1.0,1.0,14.5,S,train,1.0,U,u,3,2.0,0,Master,0-4
756,757,3.0,male,28.0,0.0,0.0,77958.0,S,train,0.0,U,u,0,0.0,1,Mr,25-35
757,758,2.0,male,18.0,0.0,0.0,11.5,S,train,0.0,U,u,0,0.0,1,Mr,12-18
758,759,3.0,male,34.0,0.0,0.0,8.05,S,train,0.0,U,u,0,0.0,1,Mr,25-35
759,760,1.0,female,,0.0,0.0,86.5,S,train,1.0,B,o,0,0.0,1,,
760,761,3.0,male,26.0,0.0,0.0,14.5,S,train,0.0,U,u,0,0.0,1,Mr,25-35
761,762,3.0,male,41.0,0.0,0.0,7125.0,S,train,0.0,U,u,0,0.0,1,Mr,35-60
762,763,3.0,male,20.0,0.0,0.0,72292.0,C,train,1.0,U,u,0,0.0,1,Mr,18-25
763,764,1.0,female,36.0,1.0,2.0,120.0,S,train,1.0,B,e,3,3.0,0,Mrs,35-60
764,765,3.0,male,16.0,0.0,0.0,7775.0,S,train,0.0,U,u,0,0.0,1,Mr,12-18
765,766,1.0,female,51.0,1.0,0.0,779583.0,S,train,1.0,D,o,1,1.0,0,Mrs,35-60
766,767,1.0,male,52.0,0.0,0.0,39.6,C,train,0.0,U,u,0,0.0,1,Officer,35-60
767,768,3.0,female,30.5,0.0,0.0,7.75,Q,train,0.0,U,u,0,0.0,1,Miss,25-35
768,769,3.0,male,26.0,1.0,0.0,24.15,Q,train,0.0,U,u,1,1.0,0,Mr,25-35
769,770,3.0,male,32.0,0.0,0.0,83625.0,S,train,0.0,U,u,0,0.0,1,Mr,25-35
770,771,3.0,male,24.0,0.0,0.0,9.5,S,train,0.0,U,u,0,0.0,1,Mr,18-25
771,772,3.0,male,48.0,0.0,0.0,78542.0,S,train,0.0,U,u,0,0.0,1,Mr,35-60
772,773,2.0,female,57.0,0.0,0.0,10.5,S,train,0.0,E,o,0,0.0,1,Mrs,35-60
773,774,3.0,male,26.0,0.0,0.0,7225.0,C,train,0.0,U,u,0,0.0,1,Mr,25-35
774,775,2.0,female,54.0,1.0,3.0,23.0,S,train,1.0,U,u,3,4.0,0,Mrs,35-60
775,776,3.0,male,18.0,0.0,0.0,7.75,S,train,0.0,U,u,0,0.0,1,Mr,12-18
776,777,3.0,male,26.0,0.0,0.0,7.75,Q,train,0.0,F,e,0,0.0,1,Mr,25-35
777,778,3.0,female,5.0,0.0,0.0,12475.0,S,train,1.0,U,u,0,0.0,1,Miss,4-12
778,779,3.0,male,26.0,0.0,0.0,77375.0,Q,train,0.0,U,u,0,0.0,1,Mr,25-35
779,780,1.0,female,43.0,0.0,1.0,2113375.0,S,train,1.0,B,o,2,1.0,0,Mrs,35-60
780,781,3.0,female,13.0,0.0,0.0,72292.0,C,train,1.0,U,u,0,0.0,1,Miss,12-18
781,782,1.0,female,17.0,1.0,0.0,57.0,S,train,1.0,B,e,1,1.0,0,Mrs,12-18
782,783,1.0,male,29.0,0.0,0.0,30.0,S,train,0.0,D,e,0,0.0,1,Mr,25-35
783,784,3.0,male,26.0,1.0,2.0,23.45,S,train,0.0,U,u,3,3.0,0,Mr,25-35
784,785,3.0,male,25.0,0.0,0.0,7.05,S,train,0.0,U,u,0,0.0,1,Mr,18-25
785,786,3.0,male,25.0,0.0,0.0,7.25,S,train,0.0,U,u,0,0.0,1,Mr,18-25
786,787,3.0,female,18.0,0.0,0.0,74958.0,S,train,1.0,U,u,0,0.0,1,Miss,12-18
787,788,3.0,male,8.0,4.0,1.0,29125.0,Q,train,0.0,U,u,3,5.0,0,Master,4-12
788,789,3.0,male,1.0,1.0,2.0,20575.0,S,train,1.0,U,u,3,3.0,0,Master,0-4
789,790,1.0,male,46.0,0.0,0.0,79.2,C,train,0.0,B,e,0,0.0,1,Mr,35-60
791,792,2.0,male,16.0,0.0,0.0,26.0,S,train,0.0,U,u,0,0.0,1,Mr,12-18
792,793,3.0,female,18.75,8.0,2.0,69.55,S,train,0.0,U,u,3,10.0,0,Miss,18-25
793,794,1.0,male,41.0,0.0,0.0,306958.0,C,train,0.0,U,u,0,0.0,1,Mr,35-60
794,795,3.0,male,25.0,0.0,0.0,78958.0,S,train,0.0,U,u,0,0.0,1,Mr,18-25
795,796,2.0,male,39.0,0.0,0.0,13.0,S,train,0.0,U,u,0,0.0,1,Mr,35-60
796,797,1.0,female,49.0,0.0,0.0,259292.0,S,train,1.0,D,o,0,0.0,1,Officer,35-60
797,798,3.0,female,31.0,0.0,0.0,86833.0,S,train,1.0,U,u,0,0.0,1,Mrs,25-35
798,799,3.0,male,30.0,0.0,0.0,72292.0,C,train,0.0,U,u,0,0.0,1,Mr,25-35
799,800,3.0,female,30.0,1.0,1.0,24.15,S,train,0.0,U,u,3,2.0,0,Mrs,25-35
800,801,2.0,male,34.0,0.0,0.0,13.0,S,train,0.0,U,u,0,0.0,1,Mr,25-35
801,802,2.0,female,31.0,1.0,1.0,26.25,S,train,1.0,U,u,3,2.0,0,Mrs,25-35
802,803,1.0,male,11.0,1.0,2.0,120.0,S,train,1.0,B,e,3,3.0,0,Master,4-12
803,804,3.0,male,0.42,0.0,1.0,85167.0,C,train,1.0,U,u,2,1.0,0,Master,0-4
804,805,3.0,male,27.0,0.0,0.0,6975.0,S,train,1.0,U,u,0,0.0,1,Mr,25-35
805,806,3.0,male,31.0,0.0,0.0,7775.0,S,train,0.0,U,u,0,0.0,1,Mr,25-35
806,807,1.0,male,39.0,0.0,0.0,0.0,S,train,0.0,A,e,0,0.0,1,Mr,35-60
807,808,3.0,female,18.0,0.0,0.0,7775.0,S,train,0.0,U,u,0,0.0,1,Miss,12-18
808,809,2.0,male,39.0,0.0,0.0,13.0,S,train,0.0,U,u,0,0.0,1,Mr,35-60
809,810,1.0,female,33.0,1.0,0.0,53.1,S,train,1.0,E,e,1,1.0,0,Mrs,25-35
810,811,3.0,male,26.0,0.0,0.0,78875.0,S,train,0.0,U,u,0,0.0,1,Mr,25-35
811,812,3.0,male,39.0,0.0,0.0,24.15,S,train,0.0,U,u,0,0.0,1,Mr,35-60
812,813,2.0,male,35.0,0.0,0.0,10.5,S,train,0.0,U,u,0,0.0,1,Mr,25-35
813,814,3.0,female,6.0,4.0,2.0,31275.0,S,train,0.0,U,u,3,6.0,0,Miss,4-12
814,815,3.0,male,30.5,0.0,0.0,8.05,S,train,0.0,U,u,0,0.0,1,Mr,25-35
815,816,1.0,male,41.0,0.0,0.0,0.0,S,train,0.0,B,e,0,0.0,1,Mr,35-60
816,817,3.0,female,23.0,0.0,0.0,7925.0,S,train,0.0,U,u,0,0.0,1,Miss,18-25
817,818,2.0,male,31.0,1.0,1.0,370042.0,C,train,0.0,U,u,3,2.0,0,Mr,25-35
818,819,3.0,male,43.0,0.0,0.0,6.45,S,train,0.0,U,u,0,0.0,1,Mr,35-60
819,820,3.0,male,10.0,3.0,2.0,27.9,S,train,0.0,U,u,3,5.0,0,Master,4-12
820,821,1.0,female,52.0,1.0,1.0,93.5,S,train,1.0,B,o,3,2.0,0,Mrs,35-60
821,822,3.0,male,27.0,0.0,0.0,86625.0,S,train,1.0,U,u,0,0.0,1,Mr,25-35
822,823,1.0,male,38.0,0.0,0.0,0.0,S,train,0.0,U,u,0,0.0,1,Royalty,35-60
823,824,3.0,female,27.0,0.0,1.0,12475.0,S,train,1.0,E,o,2,1.0,0,Mrs,25-35
824,825,3.0,male,2.0,4.0,1.0,396875.0,S,train,0.0,U,u,3,5.0,0,Master,0-4
825,826,3.0,male,26.0,0.0,0.0,6.95,Q,train,0.0,U,u,0,0.0,1,Mr,25-35
826,827,3.0,male,26.0,0.0,0.0,564958.0,S,train,0.0,U,u,0,0.0,1,Mr,25-35
827,828,2.0,male,1.0,0.0,2.0,370042.0,C,train,1.0,U,u,2,2.0,0,Master,0-4
828,829,3.0,male,26.0,0.0,0.0,7.75,Q,train,1.0,U,u,0,0.0,1,Mr,25-35
829,830,1.0,female,62.0,0.0,0.0,80.0,S,train,1.0,B,e,0,0.0,1,Mrs,60-100
830,831,3.0,female,15.0,1.0,0.0,144542.0,C,train,1.0,U,u,1,1.0,0,Mrs,12-18
831,832,2.0,male,0.83,1.0,1.0,18.75,S,train,1.0,U,u,3,2.0,0,Master,0-4
832,833,3.0,male,26.0,0.0,0.0,72292.0,C,train,0.0,U,u,0,0.0,1,Mr,25-35
833,834,3.0,male,23.0,0.0,0.0,78542.0,S,train,0.0,U,u,0,0.0,1,Mr,18-25
834,835,3.0,male,18.0,0.0,0.0,8.3,S,train,0.0,U,u,0,0.0,1,Mr,12-18
835,836,1.0,female,39.0,1.0,1.0,831583.0,C,train,1.0,E,o,3,2.0,0,Miss,35-60
836,837,3.0,male,21.0,0.0,0.0,86625.0,S,train,0.0,U,u,0,0.0,1,Mr,18-25
837,838,3.0,male,26.0,0.0,0.0,8.05,S,train,0.0,U,u,0,0.0,1,Mr,25-35
838,839,3.0,male,32.0,0.0,0.0,564958.0,S,train,1.0,U,u,0,0.0,1,Mr,25-35
839,840,1.0,male,41.0,0.0,0.0,29.7,C,train,1.0,C,o,0,0.0,1,Mr,35-60
840,841,3.0,male,20.0,0.0,0.0,7925.0,S,train,0.0,U,u,0,0.0,1,Mr,18-25
841,842,2.0,male,16.0,0.0,0.0,10.5,S,train,0.0,U,u,0,0.0,1,Mr,12-18
842,843,1.0,female,30.0,0.0,0.0,31.0,C,train,1.0,U,u,0,0.0,1,Miss,25-35
843,844,3.0,male,34.5,0.0,0.0,64375.0,C,train,0.0,U,u,0,0.0,1,Mr,25-35
844,845,3.0,male,17.0,0.0,0.0,86625.0,S,train,0.0,U,u,0,0.0,1,Mr,12-18
845,846,3.0,male,42.0,0.0,0.0,7.55,S,train,0.0,U,u,0,0.0,1,Mr,35-60
846,847,3.0,male,26.0,8.0,2.0,69.55,S,train,0.0,U,u,3,10.0,0,Mr,25-35
847,848,3.0,male,35.0,0.0,0.0,78958.0,C,train,0.0,U,u,0,0.0,1,Mr,25-35
848,849,2.0,male,28.0,0.0,1.0,33.0,S,train,0.0,U,u,2,1.0,0,Officer,25-35
849,850,1.0,female,45.0,1.0,0.0,891042.0,C,train,1.0,C,e,1,1.0,0,Mrs,35-60
850,851,3.0,male,4.0,4.0,2.0,31275.0,S,train,0.0,U,u,3,6.0,0,Master,0-4
851,852,3.0,male,74.0,0.0,0.0,7775.0,S,train,0.0,U,u,0,0.0,1,Mr,60-100
852,853,3.0,female,9.0,1.0,1.0,152458.0,C,train,0.0,U,u,3,2.0,0,Miss,4-12
853,854,1.0,female,16.0,0.0,1.0,39.4,S,train,1.0,D,e,2,1.0,0,Miss,12-18
854,855,2.0,female,44.0,1.0,0.0,26.0,S,train,0.0,U,u,1,1.0,0,Mrs,35-60
855,856,3.0,female,18.0,0.0,1.0,9.35,S,train,1.0,U,u,2,1.0,0,Mrs,12-18
856,857,1.0,female,45.0,1.0,1.0,1648667.0,S,train,1.0,U,u,3,2.0,0,Mrs,35-60
857,858,1.0,male,51.0,0.0,0.0,26.55,S,train,1.0,E,o,0,0.0,1,Mr,35-60
858,859,3.0,female,24.0,0.0,3.0,192583.0,C,train,1.0,U,u,2,3.0,0,Mrs,18-25
859,860,3.0,male,26.0,0.0,0.0,72292.0,C,train,0.0,U,u,0,0.0,1,Mr,25-35
860,861,3.0,male,41.0,2.0,0.0,141083.0,S,train,0.0,U,u,1,2.0,0,Mr,35-60
861,862,2.0,male,21.0,1.0,0.0,11.5,S,train,0.0,U,u,1,1.0,0,Mr,18-25
862,863,1.0,female,48.0,0.0,0.0,259292.0,S,train,1.0,D,o,0,0.0,1,Mrs,35-60
864,865,2.0,male,24.0,0.0,0.0,13.0,S,train,0.0,U,u,0,0.0,1,Mr,18-25
865,866,2.0,female,42.0,0.0,0.0,13.0,S,train,1.0,U,u,0,0.0,1,Mrs,35-60
866,867,2.0,female,27.0,1.0,0.0,138583.0,C,train,1.0,U,u,1,1.0,0,Miss,25-35
867,868,1.0,male,31.0,0.0,0.0,504958.0,S,train,0.0,A,e,0,0.0,1,Mr,25-35
868,869,3.0,male,26.0,0.0,0.0,9.5,S,train,0.0,U,u,0,0.0,1,Mr,25-35
869,870,3.0,male,4.0,1.0,1.0,111333.0,S,train,1.0,U,u,3,2.0,0,Master,0-4
870,871,3.0,male,26.0,0.0,0.0,78958.0,S,train,0.0,U,u,0,0.0,1,Mr,25-35
871,872,1.0,female,47.0,1.0,1.0,525542.0,S,train,1.0,D,o,3,2.0,0,Mrs,35-60
872,873,1.0,male,33.0,0.0,0.0,5.0,S,train,0.0,B,o,0,0.0,1,Mr,25-35
873,874,3.0,male,47.0,0.0,0.0,9.0,S,train,0.0,U,u,0,0.0,1,Mr,35-60
874,875,2.0,female,28.0,1.0,0.0,24.0,C,train,1.0,U,u,1,1.0,0,Mrs,25-35
876,877,3.0,male,20.0,0.0,0.0,98458.0,S,train,0.0,U,u,0,0.0,1,Mr,18-25
877,878,3.0,male,19.0,0.0,0.0,78958.0,S,train,0.0,U,u,0,0.0,1,Mr,18-25
878,879,3.0,male,26.0,0.0,0.0,78958.0,S,train,0.0,U,u,0,0.0,1,Mr,25-35
879,880,1.0,female,56.0,0.0,1.0,831583.0,C,train,1.0,C,e,2,1.0,0,Mrs,35-60
880,881,2.0,female,25.0,0.0,1.0,26.0,S,train,1.0,U,u,2,1.0,0,Mrs,18-25
881,882,3.0,male,33.0,0.0,0.0,78958.0,S,train,0.0,U,u,0,0.0,1,Mr,25-35
882,883,3.0,female,22.0,0.0,0.0,105167.0,S,train,0.0,U,u,0,0.0,1,Miss,18-25
883,884,2.0,male,28.0,0.0,0.0,10.5,S,train,0.0,U,u,0,0.0,1,Mr,25-35
884,885,3.0,male,25.0,0.0,0.0,7.05,S,train,0.0,U,u,0,0.0,1,Mr,18-25
885,886,3.0,female,39.0,0.0,5.0,29125.0,Q,train,0.0,U,u,2,5.0,0,Mrs,35-60
886,887,2.0,male,27.0,0.0,0.0,13.0,S,train,0.0,U,u,0,0.0,1,Officer,25-35
887,888,1.0,female,19.0,0.0,0.0,30.0,S,train,1.0,B,e,0,0.0,1,Miss,18-25
889,890,1.0,male,26.0,0.0,0.0,30.0,C,train,1.0,C,e,0,0.0,1,Mr,25-35
890,891,3.0,male,32.0,0.0,0.0,7.75,Q,train,0.0,U,u,0,0.0,1,Mr,25-35
